latitude,longitude,hits,days,night_hits,median_ti4,median_ti5,max_frp,mean_frp,stdev_ti4,nearest_facility,facility_km,flare_score
21.1,72.64,12,3,7,332.62,292.92,9.54,5.02,12.67,Hazira LNG/Steel,3.3,18.19
26.88,73.52,4,3,4,306.56,293.0,2.78,1.66,2.2,Bathinda Refinery,397.6,15.4
23.26,70.26,2,2,2,301.96,285.99,1.26,0.91,0.49,Kandla Port,29.1,13.84
26.6,73.68,2,2,2,305.15,292.56,1.07,0.98,0.69,Mathura Refinery,411.9,13.02
15.18,76.66,6,2,5,321.95,286.77,7.11,3.63,13.69,Mangalore Refinery,316.9,12.89
29.46,76.88,5,2,5,307.39,284.39,5.21,2.91,10.86,Panipat Refinery,11.7,12.86
25.94,72.2,3,3,3,308.51,292.63,2.51,1.3,6.13,Kandla Port,381.5,12.15
20.9,71.46,3,2,3,307.93,287.94,1.46,1.19,2.52,Hazira LNG/Steel,125.0,11.49
28.66,77.58,2,2,2,307.96,286.52,1.35,1.02,1.52,Panipat Refinery,100.5,11.1
12.92,79.44,2,2,0,336.97,302.19,6.57,4.54,1.21,Manali Refinery,102.3,9.19
24.76,74.6,2,2,2,309.01,286.76,1.49,1.27,4.58,Ankleshwar Ind.,383.9,8.94
