latitude,longitude,bright_ti4,scan,track,acq_date,acq_time,satellite,instrument,confidence,version,bright_ti5,frp,daynight
8.87915,80.72496,351.42,0.39,0.59,2026-08-29,724,N20,VIIRS,n,2.0NRT,289.38,5.66,D
8.88152,80.72383,354.5,0.38,0.59,2026-08-29,724,N20,VIIRS,n,2.0NRT,289.66,4.23,D
8.88215,80.72724,334.54,0.38,0.59,2026-08-29,724,N20,VIIRS,n,2.0NRT,288.98,4.23,D
9.01955,80.17964,328.45,0.42,0.61,2026-08-29,724,N20,VIIRS,n,2.0NRT,291.76,2.22,D
9.07926,80.12955,331.22,0.42,0.61,2026-08-29,724,N20,VIIRS,n,2.0NRT,292.98,1.67,D
9.3622,78.73381,332.95,0.52,0.67,2026-08-29,724,N20,VIIRS,n,2.0NRT,284.66,4.63,D
10.40738,79.5165,354.22,0.44,0.62,2026-08-29,726,N20,VIIRS,n,2.0NRT,289.07,6.75,D
10.98918,78.7616,330.06,0.48,0.65,2026-08-29,726,N20,VIIRS,n,2.0NRT,288.64,3.86,D
12.20977,79.82823,332.09,0.39,0.59,2026-08-29,726,N20,VIIRS,n,2.0NRT,295.71,2.73,D
13.56609,79.58166,331.28,0.38,0.59,2026-08-29,726,N20,VIIRS,n,2.0NRT,294.21,2.31,D
14.54888,79.80931,348.89,0.35,0.57,2026-08-29,726,N20,VIIRS,n,2.0NRT,295.27,3.21,D
14.55055,79.80936,349.62,0.35,0.57,2026-08-29,726,N20,VIIRS,n,2.0NRT,294.78,4.3,D
14.65011,77.66823,336.82,0.49,0.65,2026-08-29,726,N20,VIIRS,n,2.0NRT,290.02,5.27,D
14.6517,77.66785,340.19,0.49,0.65,2026-08-29,726,N20,VIIRS,n,2.0NRT,289.79,4.18,D
22.06989,95.91976,331.7,0.33,0.55,2026-08-29,729,N20,VIIRS,n,2.0NRT,285.35,1.44,D
23.68707,87.12255,331.22,0.39,0.36,2026-08-29,729,N20,VIIRS,n,2.0NRT,295.74,3.21,D
25.03602,87.38899,335.28,0.39,0.36,2026-08-29,729,N20,VIIRS,n,2.0NRT,295.29,3.58,D
26.66728,86.18171,335.89,0.38,0.36,2026-08-29,731,N20,VIIRS,n,2.0NRT,295.85,2.53,D
28.26528,94.83472,346.8,0.33,0.55,2026-08-29,731,N20,VIIRS,n,2.0NRT,291.97,4.26,D
31.50436,72.20116,332.76,0.45,0.63,2026-08-29,731,N20,VIIRS,n,2.0NRT,294.78,4.41,D
31.65889,78.40624,336.85,0.4,0.44,2026-08-29,731,N20,VIIRS,l,2.0NRT,309.66,5.95,D
8.64795,77.84141,330.38,0.68,0.74,2026-08-29,905,N20,VIIRS,n,2.0NRT,283.86,3.16,D
27.62436,69.46843,367,0.32,0.55,2026-08-29,909,N20,VIIRS,h,2.0NRT,310.3,7.14,D
27.62856,69.46902,339.83,0.32,0.55,2026-08-29,909,N20,VIIRS,n,2.0NRT,309.12,5.98,D
27.75547,68.69614,352.59,0.58,0.52,2026-08-29,909,N20,VIIRS,n,2.0NRT,304.16,9.46,D
28.05085,69.3709,334.76,0.32,0.55,2026-08-29,909,N20,VIIRS,n,2.0NRT,304.3,3.19,D
29.46308,76.88765,309.87,0.47,0.64,2026-08-29,1953,N20,VIIRS,n,2.0NRT,275.01,1.01,N
29.46341,76.88279,298.15,0.47,0.64,2026-08-29,1953,N20,VIIRS,n,2.0NRT,275.22,1.01,N
22.36086,87.01711,305.35,0.38,0.36,2026-08-29,1955,N20,VIIRS,n,2.0NRT,272.58,0.68,N
22.36415,87.0177,300.28,0.38,0.36,2026-08-29,1955,N20,VIIRS,n,2.0NRT,272.12,0.68,N
22.36679,87.29976,303.34,0.38,0.36,2026-08-29,1955,N20,VIIRS,n,2.0NRT,263.87,0.5,N
22.37691,87.27876,322.63,0.38,0.36,2026-08-29,1955,N20,VIIRS,n,2.0NRT,272.46,2.35,N
23.54915,86.54485,302.9,0.39,0.36,2026-08-29,1955,N20,VIIRS,n,2.0NRT,274.32,0.93,N
28.66509,77.57698,306.44,0.42,0.61,2026-08-29,1955,N20,VIIRS,n,2.0NRT,286.13,0.68,N
8.77298,78.1974,326.43,0.43,0.46,2026-08-29,2000,N20,VIIRS,n,2.0NRT,273.55,2.2,N
9.30498,77.40442,309.28,0.49,0.48,2026-08-29,2000,N20,VIIRS,n,2.0NRT,295.01,1.74,N
9.75463,77.51933,333.11,0.49,0.48,2026-08-29,2000,N20,VIIRS,n,2.0NRT,292.28,9.74,N
9.75909,77.51995,355.55,0.49,0.48,2026-08-29,2000,N20,VIIRS,n,2.0NRT,295.61,9.74,N
9.79408,78.39436,313.48,0.43,0.46,2026-08-29,2000,N20,VIIRS,n,2.0NRT,292.35,1.2,N
10.08053,77.3137,303.46,0.51,0.49,2026-08-29,2000,N20,VIIRS,n,2.0NRT,288.4,0.74,N
10.32693,79.23083,303.13,0.39,0.44,2026-08-29,2000,N20,VIIRS,n,2.0NRT,287.41,0.51,N
10.61798,77.41872,305.55,0.51,0.49,2026-08-29,2000,N20,VIIRS,n,2.0NRT,289.22,0.93,N
10.93958,78.46883,338.63,0.44,0.46,2026-08-29,2000,N20,VIIRS,n,2.0NRT,278.32,2.72,N
10.94012,78.46482,300.86,0.44,0.46,2026-08-29,2000,N20,VIIRS,n,2.0NRT,276.99,2.72,N
10.94382,78.46944,298.61,0.44,0.46,2026-08-29,2000,N20,VIIRS,n,2.0NRT,278.11,0.31,N
11.17766,79.08904,301.17,0.4,0.44,2026-08-29,2000,N20,VIIRS,n,2.0NRT,279.92,0.51,N
11.47617,77.50427,301.06,0.52,0.5,2026-08-29,2000,N20,VIIRS,n,2.0NRT,278.95,0.54,N
11.47695,77.50159,298.16,0.52,0.5,2026-08-29,2000,N20,VIIRS,n,2.0NRT,278.39,0.36,N
11.56324,78.73071,319.18,0.43,0.46,2026-08-29,2000,N20,VIIRS,n,2.0NRT,287.17,1.9,N
13.83427,79.34254,308.41,0.42,0.45,2026-08-29,2000,N20,VIIRS,n,2.0NRT,286.61,1.24,N
13.8353,79.33482,308.27,0.42,0.45,2026-08-29,2000,N20,VIIRS,n,2.0NRT,286.56,1.42,N
13.83898,79.33909,308.77,0.42,0.45,2026-08-29,2000,N20,VIIRS,n,2.0NRT,286.83,1.24,N
13.8395,79.33519,305.55,0.42,0.45,2026-08-29,2000,N20,VIIRS,n,2.0NRT,286.54,1.42,N
32.29177,70.7382,310.83,0.41,0.45,2026-08-29,2133,N20,VIIRS,n,2.0NRT,296.14,1.41,N
32.29354,70.72985,311.48,0.41,0.45,2026-08-29,2133,N20,VIIRS,n,2.0NRT,296.56,1.23,N
33.23467,71.51348,308.32,0.44,0.46,2026-08-29,2133,N20,VIIRS,n,2.0NRT,293.47,1.46,N
33.29679,71.18534,309.22,0.42,0.45,2026-08-29,2133,N20,VIIRS,n,2.0NRT,293.29,1.79,N
35.2242,72.93111,296.64,0.47,0.48,2026-08-29,2133,N20,VIIRS,n,2.0NRT,283.76,0.92,N
25.38635,68.58437,306.77,0.42,0.45,2026-08-29,2136,N20,VIIRS,n,2.0NRT,295.49,1.77,N
25.94203,72.1932,304.41,0.34,0.56,2026-08-29,2136,N20,VIIRS,n,2.0NRT,286.63,0.39,N
28.42397,69.69864,312.55,0.43,0.46,2026-08-29,2136,N20,VIIRS,n,2.0NRT,296.55,2.33,N
29.45783,76.893,315.97,0.54,0.68,2026-08-29,2136,N20,VIIRS,n,2.0NRT,283.12,5.21,N
29.45884,76.89159,331.32,0.54,0.68,2026-08-29,2136,N20,VIIRS,n,2.0NRT,283.78,4.41,N
29.45926,76.88767,330.18,0.54,0.68,2026-08-29,2136,N20,VIIRS,n,2.0NRT,284.5,5.21,N
29.46024,76.88624,304.02,0.54,0.68,2026-08-29,2136,N20,VIIRS,n,2.0NRT,284.39,4.2,N
7.80942,81.36557,334.4,0.77,0.77,2026-08-30,705,N20,VIIRS,n,2.0NRT,298.28,8.5,D
7.89105,81.46039,336.39,0.76,0.77,2026-08-30,705,N20,VIIRS,n,2.0NRT,298.51,5.88,D
7.89295,81.46114,334.69,0.76,0.77,2026-08-30,705,N20,VIIRS,n,2.0NRT,298.57,6.87,D
14.50168,79.70076,336.4,0.74,0.76,2026-08-30,707,N20,VIIRS,n,2.0NRT,289.36,6.06,D
14.50181,79.70016,338.54,0.74,0.76,2026-08-30,707,N20,VIIRS,n,2.0NRT,289.82,4.28,D
23.55893,87.23925,343.58,0.5,0.41,2026-08-30,709,N20,VIIRS,n,2.0NRT,291.53,14.28,D
23.64829,85.43843,333.96,0.42,0.45,2026-08-30,709,N20,VIIRS,n,2.0NRT,288.41,6.73,D
23.76081,86.4027,330.6,0.55,0.43,2026-08-30,709,N20,VIIRS,n,2.0NRT,289.95,7.03,D
23.80394,86.33237,333.77,0.55,0.43,2026-08-30,709,N20,VIIRS,n,2.0NRT,289.02,3.43,D
27.98966,94.22114,339.7,0.48,0.4,2026-08-30,709,N20,VIIRS,n,2.0NRT,298.03,6.97,D
28.1259,95.46807,330.19,0.56,0.43,2026-08-30,709,N20,VIIRS,n,2.0NRT,294.91,3.18,D
28.92377,86.34815,330.88,0.47,0.39,2026-08-30,709,N20,VIIRS,n,2.0NRT,295.39,2.55,D
29.1543,88.47652,329.13,0.4,0.37,2026-08-30,709,N20,VIIRS,n,2.0NRT,298.29,2.38,D
29.16352,88.53256,331.57,0.4,0.37,2026-08-30,709,N20,VIIRS,n,2.0NRT,294.68,2.7,D
29.29201,88.86295,326.13,0.39,0.36,2026-08-30,709,N20,VIIRS,n,2.0NRT,292.93,3.33,D
29.55622,90.99968,330.68,0.39,0.36,2026-08-30,709,N20,VIIRS,n,2.0NRT,300,6.43,D
29.63485,90.98108,335.89,0.39,0.36,2026-08-30,709,N20,VIIRS,n,2.0NRT,295.11,2.08,D
29.63542,90.98508,335.78,0.39,0.36,2026-08-30,709,N20,VIIRS,n,2.0NRT,293.8,2.08,D
29.64221,87.67156,334.86,0.41,0.37,2026-08-30,712,N20,VIIRS,n,2.0NRT,296.06,2.91,D
7.61477,81.15652,351.21,0.52,0.67,2026-08-30,845,N20,VIIRS,n,2.0NRT,300.57,111.8,D
7.61601,81.16604,367,0.53,0.67,2026-08-30,845,N20,VIIRS,h,2.0NRT,300.12,50.36,D
7.8102,81.4497,344.67,0.55,0.68,2026-08-30,845,N20,VIIRS,n,2.0NRT,301.06,6.8,D
7.81421,81.45215,354.59,0.55,0.68,2026-08-30,845,N20,VIIRS,n,2.0NRT,300.54,8.01,D
8.88266,77.78847,339.64,0.32,0.55,2026-08-30,845,N20,VIIRS,n,2.0NRT,291.16,1.91,D
8.93221,77.96577,367,0.33,0.55,2026-08-30,845,N20,VIIRS,h,2.0NRT,293.15,8.66,D
9.11021,77.77234,350.61,0.32,0.55,2026-08-30,845,N20,VIIRS,n,2.0NRT,288.69,4.69,D
9.44333,77.66908,335.62,0.32,0.55,2026-08-30,845,N20,VIIRS,n,2.0NRT,277.88,3.8,D
9.4436,77.67059,330.78,0.32,0.55,2026-08-30,845,N20,VIIRS,n,2.0NRT,276.36,3.65,D
9.44872,77.67133,331.78,0.32,0.55,2026-08-30,845,N20,VIIRS,n,2.0NRT,278.81,3.88,D
9.99573,77.29134,349.42,0.62,0.54,2026-08-30,845,N20,VIIRS,n,2.0NRT,294.98,9.26,D
21.10281,72.6347,341.97,0.43,0.46,2026-08-30,850,N20,VIIRS,n,2.0NRT,297.24,5.36,D
21.1033,72.63883,334.9,0.43,0.46,2026-08-30,850,N20,VIIRS,n,2.0NRT,296.27,5.36,D
21.10428,72.64712,347.97,0.43,0.46,2026-08-30,850,N20,VIIRS,n,2.0NRT,298.8,9.54,D
25.29089,68.31947,331.29,0.43,0.38,2026-08-30,852,N20,VIIRS,l,2.0NRT,302.58,1.92,D
27.3954,71.0371,343.46,0.41,0.45,2026-08-30,852,N20,VIIRS,n,2.0NRT,301.58,4.08,D
27.39587,71.04128,339.04,0.41,0.45,2026-08-30,852,N20,VIIRS,n,2.0NRT,300.97,3.65,D
27.91149,68.73803,335.11,0.48,0.4,2026-08-30,852,N20,VIIRS,l,2.0NRT,306.8,6.16,D
28.60951,68.63565,340.94,0.48,0.4,2026-08-30,852,N20,VIIRS,l,2.0NRT,311.4,10.18,D
29.89493,69.47095,338.67,0.55,0.42,2026-08-30,852,N20,VIIRS,n,2.0NRT,313.66,4.6,D
30.49334,73.83079,367,0.33,0.55,2026-08-30,852,N20,VIIRS,h,2.0NRT,296.72,12.23,D
31.57862,74.81806,332.74,0.39,0.59,2026-08-30,852,N20,VIIRS,n,2.0NRT,293.89,3.13,D
15.18226,76.66277,300.4,0.69,0.74,2026-08-30,1940,N20,VIIRS,n,2.0NRT,265.07,7.11,N
8.86762,81.02596,316.64,0.57,0.52,2026-08-30,1942,N20,VIIRS,n,2.0NRT,292.35,1.51,N
10.10931,77.46021,303.47,0.53,0.67,2026-08-30,1942,N20,VIIRS,n,2.0NRT,289.61,0.64,N
28.74474,76.9258,302.82,0.59,0.53,2026-08-30,2116,N20,VIIRS,n,2.0NRT,286.68,1.53,N
29.47735,76.8579,334.37,0.56,0.52,2026-08-30,2116,N20,VIIRS,n,2.0NRT,289.34,7.34,N
31.76995,70.10969,309.63,0.39,0.36,2026-08-30,2116,N20,VIIRS,n,2.0NRT,296.9,2.1,N
32.28938,70.73977,310.01,0.4,0.37,2026-08-30,2116,N20,VIIRS,n,2.0NRT,296.77,2.78,N
32.29412,70.73228,311.83,0.4,0.37,2026-08-30,2116,N20,VIIRS,n,2.0NRT,296.76,2.95,N
32.88957,71.61657,319.41,0.42,0.37,2026-08-30,2116,N20,VIIRS,n,2.0NRT,295.22,4.11,N
33.29668,71.18558,311.4,0.4,0.37,2026-08-30,2116,N20,VIIRS,n,2.0NRT,293.9,0.95,N
35.96838,68.68542,310.6,0.4,0.37,2026-08-30,2116,N20,VIIRS,n,2.0NRT,296.49,1.47,N
22.38943,73.11754,310.63,0.47,0.47,2026-08-30,2118,N20,VIIRS,n,2.0NRT,290.46,0.91,N
25.94213,72.19216,318.98,0.54,0.42,2026-08-30,2118,N20,VIIRS,n,2.0NRT,293.98,2.51,N
26.09575,68.88025,308.95,0.4,0.37,2026-08-30,2118,N20,VIIRS,n,2.0NRT,295.65,0.76,N
26.87585,73.51497,303.97,0.41,0.45,2026-08-30,2118,N20,VIIRS,n,2.0NRT,291.93,0.99,N
27.08151,73.8162,304.34,0.42,0.45,2026-08-30,2118,N20,VIIRS,n,2.0NRT,291.02,0.92,N
28.35154,70.13226,323.1,0.41,0.37,2026-08-30,2118,N20,VIIRS,n,2.0NRT,297.45,1.8,N
28.42507,69.70189,323.25,0.4,0.37,2026-08-30,2118,N20,VIIRS,n,2.0NRT,298.17,1.73,N
28.42697,69.7014,307.9,0.4,0.37,2026-08-30,2118,N20,VIIRS,n,2.0NRT,297.45,0.61,N
17.54469,73.15681,334.72,0.58,0.52,2026-08-30,2121,N20,VIIRS,n,2.0NRT,288.88,3.59,N
18.49127,74.60493,301,0.34,0.56,2026-08-30,2121,N20,VIIRS,n,2.0NRT,288.03,0.53,N
18.54775,74.2534,306.65,0.33,0.55,2026-08-30,2121,N20,VIIRS,n,2.0NRT,287.54,0.82,N
29.24173,91.86179,330.56,0.43,0.38,2026-08-31,652,N20,VIIRS,n,2.0NRT,297.19,3.12,D
29.61658,91.05703,338.16,0.46,0.39,2026-08-31,652,N20,VIIRS,n,2.0NRT,299.37,6.07,D
7.52465,80.89653,335.78,0.47,0.48,2026-08-31,828,N20,VIIRS,n,2.0NRT,302.09,5.76,D
7.52504,80.89655,334.12,0.47,0.48,2026-08-31,828,N20,VIIRS,n,2.0NRT,302.17,5.21,D
7.57079,80.9034,335.4,0.48,0.48,2026-08-31,828,N20,VIIRS,n,2.0NRT,303.23,3.04,D
7.6052,80.95647,335.52,0.48,0.48,2026-08-31,828,N20,VIIRS,n,2.0NRT,304.23,3.1,D
7.71942,80.84451,336.88,0.47,0.48,2026-08-31,828,N20,VIIRS,n,2.0NRT,303.13,3.48,D
7.72003,80.84563,347.33,0.47,0.48,2026-08-31,828,N20,VIIRS,n,2.0NRT,303.24,6.05,D
7.72003,80.84877,331.34,0.47,0.48,2026-08-31,828,N20,VIIRS,n,2.0NRT,300.43,3.48,D
7.73907,80.14016,333.41,0.43,0.46,2026-08-31,828,N20,VIIRS,n,2.0NRT,297.08,3.33,D
7.74014,80.1397,332.59,0.43,0.46,2026-08-31,828,N20,VIIRS,n,2.0NRT,296.6,2.97,D
7.74957,81.51717,346.03,0.53,0.5,2026-08-31,828,N20,VIIRS,n,2.0NRT,302.95,19.14,D
7.85634,80.04549,331.45,0.42,0.45,2026-08-31,828,N20,VIIRS,n,2.0NRT,298.8,3.24,D
7.85687,80.04932,340.53,0.42,0.45,2026-08-31,828,N20,VIIRS,n,2.0NRT,297.19,3.24,D
7.85724,81.08614,333.75,0.49,0.49,2026-08-31,828,N20,VIIRS,n,2.0NRT,302.89,1.9,D
7.88049,80.61715,343.42,0.46,0.47,2026-08-31,828,N20,VIIRS,n,2.0NRT,300.13,19.85,D
7.92868,81.39046,346.49,0.52,0.5,2026-08-31,828,N20,VIIRS,n,2.0NRT,303.2,8.32,D
7.93936,81.2986,345.25,0.51,0.49,2026-08-31,828,N20,VIIRS,n,2.0NRT,305.79,19.41,D
7.94,81.30324,348.48,0.51,0.49,2026-08-31,828,N20,VIIRS,n,2.0NRT,306.21,19.41,D
7.94064,81.30788,356.05,0.51,0.49,2026-08-31,828,N20,VIIRS,n,2.0NRT,305.12,23.69,D
7.96193,80.58586,350.46,0.46,0.47,2026-08-31,828,N20,VIIRS,n,2.0NRT,300.88,12.47,D
7.97739,80.14129,351.59,0.43,0.46,2026-08-31,828,N20,VIIRS,n,2.0NRT,301.27,13.74,D
7.9777,80.23698,333.13,0.44,0.46,2026-08-31,828,N20,VIIRS,n,2.0NRT,301.56,3.64,D
7.99625,80.37224,336.79,0.44,0.46,2026-08-31,828,N20,VIIRS,n,2.0NRT,300.03,4.87,D
8.00052,80.37166,346.44,0.44,0.46,2026-08-31,828,N20,VIIRS,n,2.0NRT,301.25,4.87,D
8.00086,80.2176,350.56,0.43,0.46,2026-08-31,828,N20,VIIRS,n,2.0NRT,303.05,18.92,D
8.00447,80.52874,339.29,0.46,0.47,2026-08-31,828,N20,VIIRS,n,2.0NRT,299.19,6.31,D
8.00677,80.52929,339.52,0.45,0.47,2026-08-31,828,N20,VIIRS,n,2.0NRT,297.5,3.71,D
8.00891,79.94204,331.5,0.42,0.45,2026-08-31,828,N20,VIIRS,n,2.0NRT,300.57,3.64,D
8.00937,80.60907,350.18,0.46,0.47,2026-08-31,828,N20,VIIRS,n,2.0NRT,302.56,9.07,D
8.00996,80.61324,342.03,0.46,0.47,2026-08-31,828,N20,VIIRS,n,2.0NRT,299.58,9.07,D
8.0108,80.6081,349.17,0.46,0.47,2026-08-31,828,N20,VIIRS,n,2.0NRT,300.99,9.51,D
8.01137,80.61227,342.11,0.46,0.47,2026-08-31,828,N20,VIIRS,n,2.0NRT,299.56,9.51,D
8.01371,80.60847,334.84,0.46,0.47,2026-08-31,828,N20,VIIRS,n,2.0NRT,298.38,9.07,D
8.02744,80.40894,341.49,0.45,0.47,2026-08-31,828,N20,VIIRS,n,2.0NRT,299.2,7.85,D
8.0432,80.3658,332.85,0.44,0.46,2026-08-31,828,N20,VIIRS,n,2.0NRT,301.34,3.31,D
8.04964,80.00629,349.23,0.42,0.45,2026-08-31,828,N20,VIIRS,n,2.0NRT,300.61,6.46,D
8.05381,80.00571,334.41,0.42,0.45,2026-08-31,828,N20,VIIRS,n,2.0NRT,299.61,4.26,D
8.0623,80.6608,333.65,0.47,0.47,2026-08-31,828,N20,VIIRS,n,2.0NRT,303.31,3.46,D
8.07497,80.56109,344.08,0.46,0.47,2026-08-31,828,N20,VIIRS,n,2.0NRT,299.79,6.7,D
8.11853,80.619,336.09,0.46,0.47,2026-08-31,828,N20,VIIRS,n,2.0NRT,302.05,4.81,D
8.14395,80.59945,336.44,0.46,0.47,2026-08-31,828,N20,VIIRS,n,2.0NRT,302.46,3.06,D
8.16395,80.584,335.73,0.46,0.47,2026-08-31,828,N20,VIIRS,n,2.0NRT,299.59,2.2,D
8.16829,80.5834,335.75,0.46,0.47,2026-08-31,828,N20,VIIRS,n,2.0NRT,300.42,3.59,D
8.19681,80.07571,331.78,0.43,0.46,2026-08-31,828,N20,VIIRS,l,2.0NRT,302.78,2.98,D
8.24863,80.5135,334.47,0.46,0.47,2026-08-31,828,N20,VIIRS,n,2.0NRT,302.25,3.91,D
8.25295,80.51289,335.61,0.46,0.47,2026-08-31,828,N20,VIIRS,n,2.0NRT,300.72,3.91,D
8.27287,80.18867,336.16,0.44,0.46,2026-08-31,828,N20,VIIRS,n,2.0NRT,303.69,3.83,D
8.2757,80.33056,332.23,0.45,0.47,2026-08-31,828,N20,VIIRS,n,2.0NRT,302.15,3.22,D
8.28996,80.58859,333.05,0.46,0.47,2026-08-31,828,N20,VIIRS,n,2.0NRT,302.72,7.2,D
8.29123,80.22637,338.13,0.44,0.46,2026-08-31,828,N20,VIIRS,n,2.0NRT,303.32,4.07,D
8.29536,80.22634,346.13,0.44,0.46,2026-08-31,828,N20,VIIRS,n,2.0NRT,304.54,8.41,D
8.33133,80.39417,332.61,0.45,0.47,2026-08-31,828,N20,VIIRS,n,2.0NRT,302.07,2.1,D
8.33387,81.00347,346.86,0.49,0.49,2026-08-31,828,N20,VIIRS,n,2.0NRT,303.47,11.23,D
8.34184,77.54288,343.41,0.46,0.39,2026-08-31,828,N20,VIIRS,n,2.0NRT,302.56,8.3,D
8.34222,80.15943,332.6,0.44,0.46,2026-08-31,828,N20,VIIRS,l,2.0NRT,304.18,5.79,D
8.34278,80.16339,341.1,0.44,0.46,2026-08-31,828,N20,VIIRS,n,2.0NRT,303.38,5.79,D
8.34466,80.20757,340.2,0.44,0.46,2026-08-31,828,N20,VIIRS,n,2.0NRT,305.84,6.19,D
8.34645,80.15887,337.48,0.44,0.46,2026-08-31,828,N20,VIIRS,n,2.0NRT,303.68,5.79,D
8.34701,80.16283,343.23,0.44,0.46,2026-08-31,828,N20,VIIRS,n,2.0NRT,303.68,5.79,D
8.34843,80.29674,343.2,0.44,0.46,2026-08-31,828,N20,VIIRS,n,2.0NRT,303.86,9.99,D
8.34946,80.21097,334.65,0.44,0.46,2026-08-31,828,N20,VIIRS,n,2.0NRT,302.27,4.4,D
8.35112,80.22285,333.21,0.44,0.46,2026-08-31,828,N20,VIIRS,n,2.0NRT,302.22,2.05,D
8.3625,80.18092,342.32,0.44,0.46,2026-08-31,828,N20,VIIRS,n,2.0NRT,304.29,3.56,D
8.36317,81.05014,337.35,0.5,0.49,2026-08-31,828,N20,VIIRS,n,2.0NRT,303.77,3.85,D
8.3638,81.05466,332.73,0.5,0.49,2026-08-31,828,N20,VIIRS,n,2.0NRT,301.97,3.85,D
8.36833,80.31458,330.13,0.45,0.47,2026-08-31,828,N20,VIIRS,l,2.0NRT,302.74,2.92,D
8.3689,80.3186,333.67,0.45,0.47,2026-08-31,828,N20,VIIRS,n,2.0NRT,302.3,3.76,D
8.3692,80.2898,336.36,0.44,0.46,2026-08-31,828,N20,VIIRS,n,2.0NRT,302.59,2.11,D
8.37198,80.43458,333.34,0.45,0.47,2026-08-31,828,N20,VIIRS,n,2.0NRT,301.4,3.91,D
8.37719,80.16282,332.03,0.44,0.46,2026-08-31,828,N20,VIIRS,l,2.0NRT,304.92,2.67,D
8.38136,80.16219,331.12,0.44,0.46,2026-08-31,828,N20,VIIRS,l,2.0NRT,305.1,7.23,D
8.38143,80.16226,331.65,0.44,0.46,2026-08-31,828,N20,VIIRS,l,2.0NRT,305.45,2.67,D
8.38452,80.15371,343.49,0.44,0.46,2026-08-31,828,N20,VIIRS,n,2.0NRT,305.46,4.95,D
8.38453,80.15381,336.04,0.44,0.46,2026-08-31,828,N20,VIIRS,n,2.0NRT,304.79,3.7,D
8.38506,80.15767,331.51,0.44,0.46,2026-08-31,828,N20,VIIRS,l,2.0NRT,303.82,4.95,D
8.38509,80.15776,331.14,0.44,0.46,2026-08-31,828,N20,VIIRS,l,2.0NRT,304.11,3.7,D
8.38613,80.16559,343.26,0.44,0.46,2026-08-31,828,N20,VIIRS,n,2.0NRT,304.58,7.23,D
8.38623,80.16566,345.13,0.44,0.46,2026-08-31,828,N20,VIIRS,n,2.0NRT,304.71,12.55,D
8.38875,80.15311,332.2,0.44,0.46,2026-08-31,828,N20,VIIRS,n,2.0NRT,301.95,4.51,D
8.38876,80.15323,340.33,0.44,0.46,2026-08-31,828,N20,VIIRS,n,2.0NRT,302.27,3.7,D
8.38929,80.15709,346.41,0.44,0.46,2026-08-31,828,N20,VIIRS,n,2.0NRT,304.08,4.51,D
8.38933,80.15719,345.67,0.44,0.46,2026-08-31,828,N20,VIIRS,n,2.0NRT,304.63,3.7,D
8.3909,80.38186,349.29,0.45,0.47,2026-08-31,828,N20,VIIRS,n,2.0NRT,300.79,40.32,D
8.39514,80.60126,331.06,0.47,0.47,2026-08-31,828,N20,VIIRS,n,2.0NRT,300.38,2.53,D
8.39604,80.63992,332.36,0.47,0.48,2026-08-31,828,N20,VIIRS,l,2.0NRT,302.99,3.64,D
8.40235,81.03561,331.3,0.5,0.49,2026-08-31,828,N20,VIIRS,l,2.0NRT,302.1,2.93,D
8.43194,80.80195,353.15,0.48,0.48,2026-08-31,828,N20,VIIRS,n,2.0NRT,301.78,7,D
8.43576,80.79701,336.48,0.48,0.48,2026-08-31,828,N20,VIIRS,n,2.0NRT,299.69,7,D
8.43796,80.62118,332.73,0.47,0.48,2026-08-31,828,N20,VIIRS,n,2.0NRT,300.05,2.75,D
8.44329,81.08285,344.6,0.5,0.49,2026-08-31,828,N20,VIIRS,n,2.0NRT,303.43,7.36,D
8.44717,77.58348,335.04,0.46,0.39,2026-08-31,828,N20,VIIRS,n,2.0NRT,302.12,2.18,D
8.45679,80.5248,340.68,0.46,0.47,2026-08-31,828,N20,VIIRS,n,2.0NRT,298.18,2.27,D
8.47278,80.77496,334.05,0.48,0.48,2026-08-31,828,N20,VIIRS,n,2.0NRT,301.25,5.96,D
8.4731,80.77429,340.33,0.48,0.48,2026-08-31,828,N20,VIIRS,n,2.0NRT,301.83,7.36,D
8.47689,80.80559,341.17,0.48,0.48,2026-08-31,828,N20,VIIRS,n,2.0NRT,298.99,5.55,D
8.47744,80.80485,341.04,0.48,0.48,2026-08-31,828,N20,VIIRS,n,2.0NRT,298.83,4.89,D
8.48752,80.81756,339.16,0.48,0.48,2026-08-31,828,N20,VIIRS,n,2.0NRT,300.56,5.26,D
8.48861,80.62767,338.9,0.47,0.48,2026-08-31,828,N20,VIIRS,n,2.0NRT,296.42,3.9,D
8.49255,80.82135,337.85,0.48,0.48,2026-08-31,828,N20,VIIRS,n,2.0NRT,300.6,5.26,D
8.50704,80.82832,348.79,0.48,0.48,2026-08-31,828,N20,VIIRS,n,2.0NRT,301.89,9.54,D
8.54867,80.86773,342.36,0.49,0.48,2026-08-31,828,N20,VIIRS,n,2.0NRT,301.5,3.74,D
8.55046,80.75088,343,0.48,0.48,2026-08-31,828,N20,VIIRS,n,2.0NRT,302.16,10.09,D
8.55486,80.62312,333.35,0.47,0.48,2026-08-31,828,N20,VIIRS,n,2.0NRT,301.02,3.18,D
8.55546,80.6274,337.14,0.47,0.48,2026-08-31,828,N20,VIIRS,n,2.0NRT,296.27,3.18,D
8.55563,80.62306,343.88,0.47,0.48,2026-08-31,828,N20,VIIRS,n,2.0NRT,302.43,5.58,D
8.55621,80.62737,334.33,0.47,0.48,2026-08-31,828,N20,VIIRS,n,2.0NRT,299.17,5.58,D
8.55923,80.6225,336.01,0.47,0.48,2026-08-31,828,N20,VIIRS,n,2.0NRT,303.06,8.58,D
8.58205,80.97684,336.89,0.5,0.49,2026-08-31,828,N20,VIIRS,n,2.0NRT,302.13,6.9,D
8.58503,80.74178,338.14,0.48,0.48,2026-08-31,828,N20,VIIRS,n,2.0NRT,306.07,54.47,D
8.59185,80.82607,355.1,0.49,0.48,2026-08-31,828,N20,VIIRS,n,2.0NRT,306.02,19.95,D
8.5926,80.82563,347.51,0.49,0.48,2026-08-31,828,N20,VIIRS,n,2.0NRT,306.04,18.26,D
8.59629,80.82545,336.88,0.49,0.48,2026-08-31,828,N20,VIIRS,n,2.0NRT,302.29,6.37,D
8.59689,80.82993,343.67,0.49,0.48,2026-08-31,828,N20,VIIRS,n,2.0NRT,302.84,8.4,D
8.61147,80.67232,335.18,0.47,0.48,2026-08-31,828,N20,VIIRS,n,2.0NRT,300.27,3.92,D
8.61864,81.13992,336.01,0.51,0.49,2026-08-31,828,N20,VIIRS,n,2.0NRT,304.3,9.72,D
8.6212,80.97694,330.05,0.5,0.49,2026-08-31,828,N20,VIIRS,l,2.0NRT,302.13,4.23,D
8.62364,80.99509,330.37,0.5,0.49,2026-08-31,828,N20,VIIRS,l,2.0NRT,300.69,3.42,D
8.62401,80.50606,331.19,0.46,0.47,2026-08-31,828,N20,VIIRS,l,2.0NRT,302.37,4.22,D
8.62569,80.97631,342.52,0.5,0.49,2026-08-31,828,N20,VIIRS,n,2.0NRT,303.06,9.27,D
8.63244,80.7268,333.84,0.48,0.48,2026-08-31,828,N20,VIIRS,n,2.0NRT,301.88,3.03,D
8.63687,80.72626,334.92,0.48,0.48,2026-08-31,828,N20,VIIRS,n,2.0NRT,301.75,8.18,D
8.64102,80.6594,343.21,0.47,0.48,2026-08-31,828,N20,VIIRS,n,2.0NRT,300.08,5.43,D
8.64128,80.72565,356.03,0.48,0.48,2026-08-31,828,N20,VIIRS,n,2.0NRT,303.5,8.18,D
8.64901,80.814,332.32,0.49,0.48,2026-08-31,828,N20,VIIRS,n,2.0NRT,301.8,1.84,D
8.64962,80.81837,332.66,0.49,0.48,2026-08-31,828,N20,VIIRS,l,2.0NRT,302.75,1.84,D
8.65062,80.9914,346.12,0.5,0.49,2026-08-31,828,N20,VIIRS,n,2.0NRT,303.27,8.52,D
8.65346,80.81342,331.31,0.49,0.48,2026-08-31,828,N20,VIIRS,n,2.0NRT,299.83,1.84,D
8.65821,80.88054,332.53,0.49,0.49,2026-08-31,828,N20,VIIRS,n,2.0NRT,299.8,4.07,D
8.67149,80.91069,330.54,0.49,0.49,2026-08-31,828,N20,VIIRS,l,2.0NRT,300.94,3.57,D
8.67484,80.74409,331.03,0.48,0.48,2026-08-31,828,N20,VIIRS,l,2.0NRT,302.7,1.87,D
8.67534,80.90561,346.08,0.49,0.49,2026-08-31,828,N20,VIIRS,n,2.0NRT,302.55,5.1,D
8.68043,80.75225,330.65,0.48,0.48,2026-08-31,828,N20,VIIRS,l,2.0NRT,303.01,9.53,D
8.68154,80.7559,334.19,0.48,0.48,2026-08-31,828,N20,VIIRS,n,2.0NRT,301.97,4.6,D
8.71115,80.42238,344.82,0.46,0.47,2026-08-31,828,N20,VIIRS,n,2.0NRT,302.92,11.1,D
8.71157,80.17744,337.48,0.44,0.46,2026-08-31,828,N20,VIIRS,n,2.0NRT,303,3.47,D
8.7154,80.17755,345.71,0.44,0.46,2026-08-31,828,N20,VIIRS,n,2.0NRT,302.75,5.83,D
8.71583,80.17689,339.95,0.44,0.46,2026-08-31,828,N20,VIIRS,n,2.0NRT,301.39,3.47,D
8.72286,77.91467,338.28,0.49,0.4,2026-08-31,828,N20,VIIRS,n,2.0NRT,306.32,6.73,D
8.74155,77.75618,337.88,0.48,0.4,2026-08-31,828,N20,VIIRS,n,2.0NRT,305.11,6.5,D
8.79099,80.99689,337.77,0.5,0.49,2026-08-31,828,N20,VIIRS,n,2.0NRT,303.73,6.61,D
8.80527,80.54754,341.81,0.47,0.48,2026-08-31,828,N20,VIIRS,n,2.0NRT,301.71,5.75,D
8.80585,80.97179,353.05,0.5,0.49,2026-08-31,828,N20,VIIRS,n,2.0NRT,306.76,24.52,D
8.80618,80.39346,330.66,0.46,0.47,2026-08-31,828,N20,VIIRS,l,2.0NRT,303.94,3.18,D
8.811,80.97575,342.4,0.5,0.49,2026-08-31,828,N20,VIIRS,n,2.0NRT,302.77,12.43,D
8.84779,80.6291,331.81,0.47,0.48,2026-08-31,828,N20,VIIRS,l,2.0NRT,305.61,3.09,D
8.86022,80.88332,338.12,0.49,0.49,2026-08-31,828,N20,VIIRS,n,2.0NRT,305.74,4.71,D
8.8647,80.88271,349.15,0.49,0.49,2026-08-31,828,N20,VIIRS,n,2.0NRT,305.26,9.01,D
8.87747,80.74528,334.47,0.48,0.48,2026-08-31,828,N20,VIIRS,l,2.0NRT,304.58,5.16,D
8.89342,80.21487,330.08,0.45,0.47,2026-08-31,828,N20,VIIRS,l,2.0NRT,304.16,4.02,D
8.90025,80.48766,349.11,0.47,0.47,2026-08-31,828,N20,VIIRS,n,2.0NRT,304.52,5.05,D
8.9064,80.43552,343.6,0.46,0.47,2026-08-31,828,N20,VIIRS,n,2.0NRT,305.69,7.62,D
8.91393,80.42594,347.9,0.46,0.47,2026-08-31,828,N20,VIIRS,n,2.0NRT,304.41,18.93,D
8.97572,80.38023,341.86,0.46,0.47,2026-08-31,828,N20,VIIRS,n,2.0NRT,305.11,6.5,D
8.97628,80.38439,341.82,0.46,0.47,2026-08-31,828,N20,VIIRS,n,2.0NRT,303,6.5,D
8.99764,80.77033,332.49,0.49,0.48,2026-08-31,828,N20,VIIRS,l,2.0NRT,304.31,4.46,D
9.00123,80.77132,336.29,0.49,0.48,2026-08-31,828,N20,VIIRS,n,2.0NRT,303.31,2.96,D
9.01742,80.11259,332.54,0.44,0.46,2026-08-31,828,N20,VIIRS,l,2.0NRT,306.74,4.92,D
9.02701,77.86887,341.66,0.49,0.4,2026-08-31,828,N20,VIIRS,n,2.0NRT,311.06,10.62,D
9.0382,80.44867,333.31,0.46,0.47,2026-08-31,828,N20,VIIRS,l,2.0NRT,305.99,5.85,D
9.03879,80.4529,349.93,0.47,0.47,2026-08-31,828,N20,VIIRS,n,2.0NRT,306.54,5.85,D
9.09946,77.59773,340.97,0.47,0.4,2026-08-31,828,N20,VIIRS,n,2.0NRT,309.36,6.5,D
9.09992,77.59845,340.12,0.47,0.4,2026-08-31,828,N20,VIIRS,n,2.0NRT,309.29,5.89,D
9.10032,78.18219,340.05,0.51,0.41,2026-08-31,828,N20,VIIRS,n,2.0NRT,305.68,12.25,D
9.13589,80.28188,336.74,0.45,0.47,2026-08-31,828,N20,VIIRS,l,2.0NRT,307.55,2.63,D
9.14675,80.68382,341.12,0.48,0.48,2026-08-31,828,N20,VIIRS,n,2.0NRT,305.98,7.74,D
9.17064,80.13245,337.12,0.45,0.47,2026-08-31,828,N20,VIIRS,n,2.0NRT,301.83,7.29,D
9.1854,80.30553,333.61,0.46,0.47,2026-08-31,828,N20,VIIRS,l,2.0NRT,304,5.33,D
9.30984,80.43034,335.04,0.47,0.48,2026-08-31,828,N20,VIIRS,n,2.0NRT,299.73,3.09,D
9.33502,77.6755,340.82,0.48,0.4,2026-08-31,828,N20,VIIRS,n,2.0NRT,297.84,8.25,D
9.33629,76.59998,331.62,0.43,0.38,2026-08-31,828,N20,VIIRS,n,2.0NRT,297.35,2.3,D
9.33842,77.67591,348.33,0.48,0.4,2026-08-31,828,N20,VIIRS,n,2.0NRT,302.43,15.33,D
9.36466,80.44054,343.81,0.47,0.48,2026-08-31,828,N20,VIIRS,n,2.0NRT,305.66,5.75,D
9.38395,80.45099,341.9,0.47,0.48,2026-08-31,828,N20,VIIRS,n,2.0NRT,303.09,6.92,D
9.41356,80.40045,333.64,0.47,0.48,2026-08-31,828,N20,VIIRS,n,2.0NRT,301,3.01,D
9.41398,80.47003,331.51,0.47,0.48,2026-08-31,828,N20,VIIRS,n,2.0NRT,300.22,2.38,D
9.41413,80.4047,331.58,0.47,0.48,2026-08-31,828,N20,VIIRS,n,2.0NRT,300.2,3.01,D
9.43492,77.46063,336.91,0.47,0.4,2026-08-31,828,N20,VIIRS,n,2.0NRT,306.59,2.32,D
9.65592,77.65157,340.63,0.48,0.4,2026-08-31,828,N20,VIIRS,n,2.0NRT,304.25,4.59,D
9.65621,77.65012,339,0.48,0.4,2026-08-31,828,N20,VIIRS,n,2.0NRT,303.15,4.92,D
9.7255,77.27241,331.44,0.46,0.39,2026-08-31,828,N20,VIIRS,l,2.0NRT,304.45,1.76,D
9.77065,78.36562,338.51,0.53,0.42,2026-08-31,828,N20,VIIRS,n,2.0NRT,307.27,5.6,D
9.78937,78.38755,333.79,0.53,0.42,2026-08-31,828,N20,VIIRS,n,2.0NRT,303.62,3.64,D
9.94658,77.72368,338.91,0.49,0.4,2026-08-31,828,N20,VIIRS,n,2.0NRT,304.69,6.94,D
10.03775,78.14595,334.77,0.52,0.41,2026-08-31,828,N20,VIIRS,l,2.0NRT,305.02,4.01,D
10.04175,77.58042,339.12,0.48,0.4,2026-08-31,828,N20,VIIRS,n,2.0NRT,304.56,29.4,D
10.27317,78.84991,337.68,0.38,0.43,2026-08-31,828,N20,VIIRS,n,2.0NRT,288.04,3.9,D
10.28726,77.86376,336.28,0.5,0.41,2026-08-31,828,N20,VIIRS,n,2.0NRT,282.82,4.79,D
10.66276,78.48209,335.26,0.55,0.43,2026-08-31,828,N20,VIIRS,n,2.0NRT,299.46,2.22,D
10.73763,78.73309,335.81,0.57,0.43,2026-08-31,828,N20,VIIRS,n,2.0NRT,298.79,3.35,D
10.76245,78.65031,334.91,0.57,0.43,2026-08-31,828,N20,VIIRS,n,2.0NRT,299.28,3.55,D
10.76564,78.65233,338.36,0.57,0.43,2026-08-31,828,N20,VIIRS,n,2.0NRT,300.99,5.89,D
10.84943,78.79076,335.91,0.39,0.44,2026-08-31,828,N20,VIIRS,n,2.0NRT,300.38,3.38,D
11.19128,76.92039,332,0.46,0.39,2026-08-31,828,N20,VIIRS,n,2.0NRT,296.2,2.29,D
11.45847,79.20508,331.29,0.42,0.45,2026-08-31,828,N20,VIIRS,n,2.0NRT,298.72,4.75,D
11.46265,79.2357,335.83,0.42,0.45,2026-08-31,828,N20,VIIRS,n,2.0NRT,300.33,3.95,D
11.47324,77.20173,333.62,0.48,0.4,2026-08-31,828,N20,VIIRS,n,2.0NRT,295.28,3.2,D
11.62768,78.61454,338.59,0.39,0.44,2026-08-31,828,N20,VIIRS,n,2.0NRT,299.74,2.1,D
11.70993,79.0149,333.03,0.41,0.45,2026-08-31,828,N20,VIIRS,n,2.0NRT,300.21,1.34,D
11.88784,77.23312,339.3,0.49,0.4,2026-08-31,828,N20,VIIRS,n,2.0NRT,295.55,4.91,D
12.05407,79.33384,333.4,0.43,0.46,2026-08-31,828,N20,VIIRS,l,2.0NRT,303.79,1.84,D
12.24117,79.08451,341.4,0.42,0.45,2026-08-31,828,N20,VIIRS,n,2.0NRT,299.69,3.57,D
12.34985,79.22876,351.38,0.43,0.46,2026-08-31,828,N20,VIIRS,n,2.0NRT,306.01,26.13,D
12.35043,79.22861,353.47,0.43,0.46,2026-08-31,828,N20,VIIRS,n,2.0NRT,303.73,20.52,D
12.40623,79.97924,330.41,0.48,0.48,2026-08-31,828,N20,VIIRS,n,2.0NRT,300.37,4.96,D
12.91149,79.43056,335.76,0.45,0.47,2026-08-31,828,N20,VIIRS,n,2.0NRT,299.59,2.51,D
13.1221,79.9063,336.64,0.49,0.48,2026-08-31,828,N20,VIIRS,n,2.0NRT,294.46,4.33,D
13.58984,78.21954,331.87,0.39,0.44,2026-08-31,828,N20,VIIRS,n,2.0NRT,293.69,1.78,D
14.35068,77.20792,334.78,0.52,0.41,2026-08-31,828,N20,VIIRS,n,2.0NRT,294.14,5.55,D
14.47482,78.26068,337.14,0.4,0.44,2026-08-31,828,N20,VIIRS,n,2.0NRT,296.09,2.53,D
17.77075,75.83885,338.77,0.48,0.4,2026-08-31,830,N20,VIIRS,n,2.0NRT,299.26,1.97,D
17.96539,75.48702,336.33,0.46,0.39,2026-08-31,830,N20,VIIRS,n,2.0NRT,299.52,3.37,D
21.102,72.63538,337.48,0.39,0.37,2026-08-31,833,N20,VIIRS,n,2.0NRT,299.47,9.17,D
21.10255,72.63916,337.23,0.39,0.37,2026-08-31,833,N20,VIIRS,n,2.0NRT,296.08,7.44,D
25.59085,72.62873,332.94,0.42,0.38,2026-08-31,833,N20,VIIRS,n,2.0NRT,297.48,2.74,D
26.85779,72.11017,338.83,0.41,0.37,2026-08-31,833,N20,VIIRS,l,2.0NRT,311.09,4.51,D
27.71156,68.48968,355.88,0.39,0.36,2026-08-31,835,N20,VIIRS,n,2.0NRT,310.97,16.14,D
27.71487,68.489,352.2,0.39,0.36,2026-08-31,835,N20,VIIRS,n,2.0NRT,311.55,16.01,D
28.42509,69.702,338.27,0.38,0.36,2026-08-31,835,N20,VIIRS,l,2.0NRT,309.15,3.55,D
29.2713,70.6321,333.19,0.4,0.37,2026-08-31,835,N20,VIIRS,l,2.0NRT,308.14,2.44,D
29.76927,72.40252,334.09,0.45,0.39,2026-08-31,835,N20,VIIRS,n,2.0NRT,303.52,3.68,D
31.37635,74.44994,338.11,0.39,0.44,2026-08-31,835,N20,VIIRS,n,2.0NRT,298.85,4.08,D
31.41202,74.55347,330.68,0.39,0.44,2026-08-31,835,N20,VIIRS,n,2.0NRT,299.58,1.49,D
31.46411,72.13901,335.09,0.45,0.39,2026-08-31,835,N20,VIIRS,n,2.0NRT,299.7,4.92,D
31.46708,72.13364,347,0.45,0.39,2026-08-31,835,N20,VIIRS,n,2.0NRT,299.65,11.41,D
31.47198,74.22855,332,0.57,0.43,2026-08-31,835,N20,VIIRS,n,2.0NRT,300.74,3.85,D
31.80262,73.7253,330.04,0.54,0.42,2026-08-31,835,N20,VIIRS,n,2.0NRT,297.09,3.75,D
29.22659,88.3523,300.17,0.35,0.57,2026-08-31,1915,N20,VIIRS,n,2.0NRT,281.1,1.13,N
29.26624,91.92337,296.2,0.43,0.46,2026-08-31,1915,N20,VIIRS,n,2.0NRT,281.38,1.07,N
29.66183,90.90602,298.57,0.5,0.49,2026-08-31,1915,N20,VIIRS,n,2.0NRT,282.02,1.25,N
29.78919,91.6047,301.51,0.46,0.47,2026-08-31,1915,N20,VIIRS,n,2.0NRT,282.98,1.45,N
33.2968,71.18346,309.5,0.43,0.38,2026-08-31,2055,N20,VIIRS,n,2.0NRT,293.64,2.09,N
25.94237,72.19138,308.51,0.38,0.36,2026-08-31,2057,N20,VIIRS,n,2.0NRT,292.63,1,N
26.25868,74.09715,310.54,0.41,0.37,2026-08-31,2057,N20,VIIRS,n,2.0NRT,290.76,1.08,N
26.60473,73.68454,305.84,0.4,0.37,2026-08-31,2057,N20,VIIRS,n,2.0NRT,293.13,0.89,N
26.87543,73.51593,309.98,0.39,0.36,2026-08-31,2057,N20,VIIRS,n,2.0NRT,293.26,1.34,N
26.87875,73.5166,305.81,0.39,0.36,2026-08-31,2057,N20,VIIRS,n,2.0NRT,293.32,1.52,N
27.28906,73.83814,309.89,0.4,0.37,2026-08-31,2057,N20,VIIRS,n,2.0NRT,294.14,1.08,N
27.7165,68.49585,308.8,0.49,0.4,2026-08-31,2057,N20,VIIRS,n,2.0NRT,297.33,0.25,N
28.34796,77.25802,308.08,0.51,0.41,2026-08-31,2057,N20,VIIRS,n,2.0NRT,290.84,2.59,N
28.3733,77.22678,310.67,0.51,0.41,2026-08-31,2057,N20,VIIRS,n,2.0NRT,291.11,2.65,N
28.37484,77.22419,310.89,0.51,0.41,2026-08-31,2057,N20,VIIRS,n,2.0NRT,291.18,2.22,N
28.42407,69.70068,317.6,0.44,0.39,2026-08-31,2057,N20,VIIRS,n,2.0NRT,298.29,1.63,N
29.46107,76.8892,307.39,0.47,0.4,2026-08-31,2057,N20,VIIRS,n,2.0NRT,292.41,3.12,N
30.18642,74.48694,311.31,0.39,0.36,2026-08-31,2057,N20,VIIRS,n,2.0NRT,294.97,2.35,N
30.25077,74.9136,308.85,0.4,0.37,2026-08-31,2057,N20,VIIRS,n,2.0NRT,296.36,1.01,N
31.60895,74.38851,309.35,0.39,0.36,2026-08-31,2057,N20,VIIRS,n,2.0NRT,295.35,0.74,N
31.64362,74.15421,310.73,0.39,0.36,2026-08-31,2057,N20,VIIRS,n,2.0NRT,295.24,0.87,N
32.29297,70.72897,310.79,0.44,0.38,2026-08-31,2057,N20,VIIRS,n,2.0NRT,294.85,2.74,N
32.57661,72.56216,311.7,0.39,0.37,2026-08-31,2057,N20,VIIRS,n,2.0NRT,295.43,2.54,N
32.88951,71.61771,317.43,0.42,0.37,2026-08-31,2057,N20,VIIRS,n,2.0NRT,295.85,3.19,N
19.371,71.35374,320.82,0.39,0.36,2026-08-31,2059,N20,VIIRS,n,2.0NRT,294.08,2.7,N
19.52982,71.2982,307.96,0.39,0.36,2026-08-31,2059,N20,VIIRS,n,2.0NRT,292.19,1.88,N
20.90941,71.46135,307.93,0.39,0.36,2026-08-31,2059,N20,VIIRS,n,2.0NRT,292.29,1.31,N
20.91001,71.45766,306.84,0.39,0.36,2026-08-31,2059,N20,VIIRS,n,2.0NRT,292.26,1.23,N
21.10232,72.63803,306.19,0.41,0.37,2026-08-31,2059,N20,VIIRS,n,2.0NRT,282.98,2.63,N
21.10298,72.63417,330.34,0.41,0.37,2026-08-31,2059,N20,VIIRS,n,2.0NRT,284.89,2.63,N
21.10775,72.64704,312.17,0.41,0.37,2026-08-31,2059,N20,VIIRS,n,2.0NRT,281.09,1.67,N
22.93215,69.70328,304.41,0.4,0.37,2026-08-31,2059,N20,VIIRS,n,2.0NRT,291.76,1.67,N
22.9333,69.69547,319.81,0.4,0.37,2026-08-31,2059,N20,VIIRS,n,2.0NRT,288.73,3.34,N
23.26684,70.25716,302.45,0.39,0.36,2026-08-31,2059,N20,VIIRS,n,2.0NRT,291.01,1.26,N
24.65826,73.87632,305.2,0.41,0.37,2026-08-31,2059,N20,VIIRS,n,2.0NRT,285.77,0.81,N
24.6901,73.00169,313.08,0.39,0.36,2026-08-31,2059,N20,VIIRS,n,2.0NRT,290.52,1.11,N
24.69281,74.68075,300.04,0.44,0.38,2026-08-31,2059,N20,VIIRS,n,2.0NRT,281.62,0.54,N
24.76362,74.60734,304.43,0.44,0.38,2026-08-31,2059,N20,VIIRS,n,2.0NRT,284.22,1.04,N
25.38847,68.58018,313.39,0.46,0.39,2026-08-31,2059,N20,VIIRS,n,2.0NRT,295.25,2.55,N
11.18185,79.09965,306.88,0.46,0.63,2026-08-31,2101,N20,VIIRS,n,2.0NRT,286.8,1.49,N
11.28316,77.87854,300.36,0.38,0.58,2026-08-31,2101,N20,VIIRS,n,2.0NRT,283.12,0.23,N
13.11669,77.65411,321.12,0.34,0.56,2026-08-31,2101,N20,VIIRS,n,2.0NRT,283.66,2.26,N
18.5759,72.24078,330.93,0.41,0.37,2026-08-31,2101,N20,VIIRS,n,2.0NRT,293.64,4.33,N
8.09217,80.79338,310.79,0.68,0.74,2026-08-31,2104,N20,VIIRS,n,2.0NRT,289.07,1.72,N
8.11518,79.87002,307.56,0.58,0.7,2026-08-31,2104,N20,VIIRS,n,2.0NRT,288.89,1.28,N
9.13332,77.53674,314.12,0.39,0.59,2026-08-31,2104,N20,VIIRS,n,2.0NRT,292.41,1,N
29.13759,91.72023,337.3,0.51,0.49,2026-09-01,633,N20,VIIRS,n,2.0NRT,301.24,4.16,D
29.13868,91.72541,334.32,0.51,0.49,2026-09-01,633,N20,VIIRS,n,2.0NRT,301.53,4.16,D
29.14057,91.72209,339.27,0.51,0.49,2026-09-01,633,N20,VIIRS,n,2.0NRT,299.59,3.91,D
29.63853,90.98122,328.86,0.55,0.51,2026-09-01,633,N20,VIIRS,l,2.0NRT,299.73,4.73,D
29.64476,91.2907,327.25,0.53,0.5,2026-09-01,633,N20,VIIRS,l,2.0NRT,300.39,7.57,D
29.66644,90.99794,333.86,0.55,0.51,2026-09-01,633,N20,VIIRS,n,2.0NRT,298.33,8.21,D
7.6399,80.81561,337.87,0.4,0.37,2026-09-01,807,N20,VIIRS,n,2.0NRT,305.22,3.8,D
7.68967,80.44537,336.44,0.39,0.36,2026-09-01,807,N20,VIIRS,n,2.0NRT,302.98,4.48,D
7.69357,80.13393,340.44,0.39,0.36,2026-09-01,807,N20,VIIRS,n,2.0NRT,302.14,3.93,D
7.72668,81.25712,346.06,0.41,0.37,2026-09-01,807,N20,VIIRS,n,2.0NRT,315.22,12.5,D
7.73849,79.95895,331.28,0.39,0.36,2026-09-01,807,N20,VIIRS,n,2.0NRT,300,3.24,D
7.74162,79.82307,335.64,0.39,0.36,2026-09-01,807,N20,VIIRS,n,2.0NRT,298.56,0.97,D
7.7706,80.19412,338.32,0.39,0.36,2026-09-01,807,N20,VIIRS,n,2.0NRT,301.59,6.19,D
7.78909,81.55701,338.3,0.42,0.38,2026-09-01,807,N20,VIIRS,n,2.0NRT,305.86,4.45,D
7.8038,80.09898,334.62,0.39,0.36,2026-09-01,807,N20,VIIRS,n,2.0NRT,299.07,2.56,D
7.81731,80.21194,336.51,0.39,0.36,2026-09-01,807,N20,VIIRS,n,2.0NRT,300.71,3.12,D
7.84616,81.21291,336.43,0.41,0.37,2026-09-01,807,N20,VIIRS,n,2.0NRT,306.28,2.42,D
7.84958,81.2124,337.5,0.41,0.37,2026-09-01,807,N20,VIIRS,n,2.0NRT,307.1,2.42,D
7.85401,80.34363,335.88,0.39,0.36,2026-09-01,807,N20,VIIRS,n,2.0NRT,301.15,2.57,D
7.8633,81.44503,340.29,0.42,0.38,2026-09-01,807,N20,VIIRS,n,2.0NRT,305.09,5.67,D
7.86562,81.43693,336.84,0.42,0.38,2026-09-01,807,N20,VIIRS,n,2.0NRT,304.66,4.75,D
7.8724,80.89572,332.07,0.4,0.37,2026-09-01,807,N20,VIIRS,l,2.0NRT,303.75,3.94,D
7.87304,81.46302,341.96,0.42,0.38,2026-09-01,807,N20,VIIRS,n,2.0NRT,305.1,6.07,D
7.88596,81.3409,338.14,0.42,0.38,2026-09-01,807,N20,VIIRS,n,2.0NRT,306.13,5,D
7.88613,80.19436,343.09,0.39,0.36,2026-09-01,807,N20,VIIRS,n,2.0NRT,303.06,14.42,D
7.88857,80.64487,338.93,0.4,0.37,2026-09-01,807,N20,VIIRS,n,2.0NRT,301.07,3.33,D
7.89084,79.88833,331.07,0.39,0.36,2026-09-01,807,N20,VIIRS,n,2.0NRT,298.23,2.43,D
7.89193,80.64436,337.42,0.4,0.37,2026-09-01,807,N20,VIIRS,n,2.0NRT,302.98,3.33,D
7.9043,80.63515,339.45,0.4,0.37,2026-09-01,807,N20,VIIRS,n,2.0NRT,303.47,5.09,D
7.91604,81.40217,352.83,0.42,0.38,2026-09-01,807,N20,VIIRS,n,2.0NRT,307.43,14.22,D
7.92367,81.35847,338.95,0.42,0.38,2026-09-01,807,N20,VIIRS,n,2.0NRT,307.28,4.48,D
7.94311,81.37108,348.82,0.42,0.38,2026-09-01,807,N20,VIIRS,n,2.0NRT,308.51,6.8,D
7.94367,81.37486,349.3,0.42,0.38,2026-09-01,807,N20,VIIRS,n,2.0NRT,307.57,9.89,D
7.94569,81.45992,338.67,0.42,0.38,2026-09-01,807,N20,VIIRS,n,2.0NRT,304.38,4.41,D
7.94655,81.37057,345.42,0.42,0.38,2026-09-01,807,N20,VIIRS,n,2.0NRT,305.25,6.8,D
7.94901,81.31618,337.5,0.42,0.37,2026-09-01,807,N20,VIIRS,n,2.0NRT,305.19,3.72,D
7.95528,80.7233,337.36,0.4,0.37,2026-09-01,807,N20,VIIRS,n,2.0NRT,305.29,6.85,D
7.95864,80.7228,348.76,0.4,0.37,2026-09-01,807,N20,VIIRS,n,2.0NRT,305.39,6.85,D
7.96718,80.59638,347.47,0.4,0.37,2026-09-01,807,N20,VIIRS,n,2.0NRT,305.22,7.45,D
7.97054,80.59588,344.25,0.4,0.37,2026-09-01,807,N20,VIIRS,n,2.0NRT,304.66,6.26,D
7.97472,81.08727,333.04,0.41,0.37,2026-09-01,807,N20,VIIRS,n,2.0NRT,301.76,2.7,D
7.99557,80.2457,331.23,0.39,0.36,2026-09-01,807,N20,VIIRS,l,2.0NRT,303.12,3.74,D
8.00312,80.68612,332.24,0.4,0.37,2026-09-01,807,N20,VIIRS,l,2.0NRT,303.74,6.49,D
8.00365,80.68972,345.78,0.4,0.37,2026-09-01,807,N20,VIIRS,n,2.0NRT,304.69,6.49,D
8.00483,81.43587,339.65,0.42,0.38,2026-09-01,807,N20,VIIRS,n,2.0NRT,307.84,5.49,D
8.02568,80.01717,340.55,0.39,0.36,2026-09-01,807,N20,VIIRS,n,2.0NRT,303.41,7.1,D
8.029,81.28909,367,0.42,0.37,2026-09-01,807,N20,VIIRS,h,2.0NRT,305.54,6.88,D
8.02956,81.29285,338.26,0.42,0.37,2026-09-01,807,N20,VIIRS,n,2.0NRT,305.53,4.69,D
8.03243,81.28857,333.56,0.42,0.37,2026-09-01,807,N20,VIIRS,n,2.0NRT,300.91,2.55,D
8.03384,80.61523,336.42,0.4,0.37,2026-09-01,807,N20,VIIRS,n,2.0NRT,301.32,3.42,D
8.08881,80.16577,346.16,0.39,0.36,2026-09-01,807,N20,VIIRS,n,2.0NRT,303.91,8.87,D
8.09459,80.79108,347.2,0.4,0.37,2026-09-01,807,N20,VIIRS,n,2.0NRT,304.98,9.91,D
8.10587,80.09838,345.37,0.39,0.36,2026-09-01,807,N20,VIIRS,n,2.0NRT,303.63,12.94,D
8.11001,81.12762,334.89,0.41,0.37,2026-09-01,807,N20,VIIRS,n,2.0NRT,304.84,2.56,D
8.11024,81.31932,336.01,0.42,0.38,2026-09-01,807,N20,VIIRS,n,2.0NRT,303.56,10.42,D
8.18431,80.6879,336.06,0.4,0.37,2026-09-01,807,N20,VIIRS,l,2.0NRT,307.4,2.58,D
8.18485,80.69152,338.87,0.4,0.37,2026-09-01,807,N20,VIIRS,n,2.0NRT,303.63,2.58,D
8.18809,80.24049,330.04,0.39,0.36,2026-09-01,807,N20,VIIRS,l,2.0NRT,301.7,2.08,D
8.25945,80.58018,332.21,0.4,0.37,2026-09-01,807,N20,VIIRS,l,2.0NRT,304.69,4.62,D
8.25999,80.58377,336.94,0.4,0.37,2026-09-01,807,N20,VIIRS,n,2.0NRT,304.74,4.62,D
8.28878,80.14186,346.12,0.39,0.36,2026-09-01,807,N20,VIIRS,n,2.0NRT,303.83,3.88,D
8.29211,80.14137,333.18,0.39,0.36,2026-09-01,807,N20,VIIRS,n,2.0NRT,302.69,3.88,D
8.29811,81.02658,340.89,0.41,0.37,2026-09-01,807,N20,VIIRS,n,2.0NRT,308.17,10,D
8.30383,81.01815,346.55,0.41,0.37,2026-09-01,807,N20,VIIRS,n,2.0NRT,307.67,7.15,D
8.30438,81.02186,347.63,0.41,0.37,2026-09-01,807,N20,VIIRS,n,2.0NRT,307.45,15.76,D
8.30724,81.01763,338.69,0.41,0.37,2026-09-01,807,N20,VIIRS,n,2.0NRT,305.75,7.15,D
8.30779,81.02135,345.12,0.41,0.37,2026-09-01,807,N20,VIIRS,n,2.0NRT,305.98,15.76,D
8.31002,80.2835,348.31,0.39,0.36,2026-09-01,807,N20,VIIRS,n,2.0NRT,306.24,6.63,D
8.36313,80.27856,337.58,0.39,0.36,2026-09-01,807,N20,VIIRS,l,2.0NRT,307.93,6.93,D
8.37586,80.74799,336.48,0.4,0.37,2026-09-01,807,N20,VIIRS,n,2.0NRT,303.02,3.77,D
8.37608,80.61057,334.78,0.4,0.37,2026-09-01,807,N20,VIIRS,l,2.0NRT,306.1,2.99,D
8.37702,80.28011,340.69,0.39,0.36,2026-09-01,807,N20,VIIRS,n,2.0NRT,307.75,5.07,D
8.38387,80.25729,344.44,0.39,0.36,2026-09-01,807,N20,VIIRS,n,2.0NRT,306.01,21.15,D
8.39032,81.17722,340.33,0.42,0.37,2026-09-01,807,N20,VIIRS,n,2.0NRT,299.18,6.48,D
8.40346,80.6324,345.42,0.4,0.37,2026-09-01,807,N20,VIIRS,n,2.0NRT,307.1,10.1,D
8.40496,80.26138,330.51,0.39,0.36,2026-09-01,807,N20,VIIRS,l,2.0NRT,302.17,4.21,D
8.40632,80.22485,334.09,0.39,0.36,2026-09-01,807,N20,VIIRS,n,2.0NRT,301.8,2.55,D
8.40724,80.25377,337.37,0.39,0.36,2026-09-01,807,N20,VIIRS,n,2.0NRT,305.74,5.48,D
8.40777,80.25732,344.36,0.39,0.36,2026-09-01,807,N20,VIIRS,n,2.0NRT,305.63,6.41,D
8.41058,80.25326,339.92,0.39,0.36,2026-09-01,807,N20,VIIRS,n,2.0NRT,303.66,5.48,D
8.41248,80.62364,343.83,0.4,0.37,2026-09-01,807,N20,VIIRS,n,2.0NRT,307.8,5.89,D
8.41407,80.62293,339.76,0.4,0.37,2026-09-01,807,N20,VIIRS,n,2.0NRT,307.29,4.07,D
8.42116,80.41576,331.15,0.4,0.37,2026-09-01,807,N20,VIIRS,n,2.0NRT,300.88,1.64,D
8.42199,80.37539,338.45,0.4,0.37,2026-09-01,807,N20,VIIRS,n,2.0NRT,305.32,3.67,D
8.42314,80.45207,344.39,0.4,0.37,2026-09-01,807,N20,VIIRS,n,2.0NRT,307.15,5.59,D
8.42383,80.72218,339.1,0.4,0.37,2026-09-01,807,N20,VIIRS,n,2.0NRT,307.16,7.42,D
8.42556,80.58421,334.18,0.4,0.37,2026-09-01,807,N20,VIIRS,l,2.0NRT,305.33,6.97,D
8.4261,80.58783,339.16,0.4,0.37,2026-09-01,807,N20,VIIRS,n,2.0NRT,305.58,6.97,D
8.43802,80.48289,333.34,0.4,0.37,2026-09-01,807,N20,VIIRS,l,2.0NRT,306.69,3.08,D
8.45641,80.39947,337.44,0.4,0.37,2026-09-01,807,N20,VIIRS,n,2.0NRT,304.29,3.25,D
8.45976,80.39896,337.31,0.4,0.37,2026-09-01,807,N20,VIIRS,n,2.0NRT,305.07,3.25,D
8.46311,80.39846,333.45,0.4,0.37,2026-09-01,807,N20,VIIRS,l,2.0NRT,304.64,2.91,D
8.46419,80.40561,341.92,0.4,0.37,2026-09-01,807,N20,VIIRS,n,2.0NRT,304.94,6.91,D
8.46713,80.37957,331.05,0.4,0.37,2026-09-01,807,N20,VIIRS,l,2.0NRT,302.95,4.79,D
8.46767,80.38315,338.54,0.4,0.37,2026-09-01,807,N20,VIIRS,n,2.0NRT,303.59,4.79,D
8.47067,80.72593,339.66,0.4,0.37,2026-09-01,807,N20,VIIRS,n,2.0NRT,307.72,6.3,D
8.47263,80.39338,341.6,0.4,0.37,2026-09-01,807,N20,VIIRS,n,2.0NRT,303.82,5.03,D
8.47568,80.83,340.1,0.41,0.37,2026-09-01,807,N20,VIIRS,n,2.0NRT,304.2,5.45,D
8.47669,80.46609,340.3,0.4,0.37,2026-09-01,807,N20,VIIRS,n,2.0NRT,304.76,3.12,D
8.47723,80.46968,333.63,0.4,0.37,2026-09-01,807,N20,VIIRS,l,2.0NRT,304.51,3.12,D
8.48353,80.74271,339.29,0.4,0.37,2026-09-01,807,N20,VIIRS,n,2.0NRT,305.16,4.51,D
8.49494,80.81963,342.19,0.41,0.37,2026-09-01,807,N20,VIIRS,n,2.0NRT,307.37,8.99,D
8.49778,80.81545,337.1,0.41,0.37,2026-09-01,807,N20,VIIRS,l,2.0NRT,308.07,20.36,D
8.49833,80.81913,342.21,0.41,0.37,2026-09-01,807,N20,VIIRS,n,2.0NRT,311.13,37.72,D
8.51189,80.81709,337.95,0.41,0.37,2026-09-01,807,N20,VIIRS,n,2.0NRT,304.49,3.26,D
8.51517,80.45588,338.05,0.4,0.37,2026-09-01,807,N20,VIIRS,n,2.0NRT,303.92,5.6,D
8.51537,80.67827,335.57,0.4,0.37,2026-09-01,807,N20,VIIRS,n,2.0NRT,304.66,4.58,D
8.51638,80.82394,338.12,0.41,0.37,2026-09-01,807,N20,VIIRS,n,2.0NRT,307.5,4.31,D
8.51689,80.59644,349.77,0.4,0.37,2026-09-01,807,N20,VIIRS,n,2.0NRT,309.22,8.18,D
8.51861,80.59547,339.44,0.4,0.37,2026-09-01,807,N20,VIIRS,n,2.0NRT,307.74,8.91,D
8.51914,80.59909,349.1,0.4,0.37,2026-09-01,807,N20,VIIRS,n,2.0NRT,307.86,6.67,D
8.52091,80.58773,336.98,0.4,0.37,2026-09-01,807,N20,VIIRS,l,2.0NRT,307.89,3.42,D
8.52251,80.59859,344.72,0.4,0.37,2026-09-01,807,N20,VIIRS,n,2.0NRT,307.41,6.67,D
8.52305,80.60222,341.68,0.4,0.37,2026-09-01,807,N20,VIIRS,n,2.0NRT,305.4,6.67,D
8.52428,80.58723,350.87,0.4,0.37,2026-09-01,807,N20,VIIRS,n,2.0NRT,313.39,16.67,D
8.52482,80.59085,340.95,0.4,0.37,2026-09-01,807,N20,VIIRS,n,2.0NRT,308.75,18.05,D
8.52662,80.41747,336.83,0.4,0.37,2026-09-01,807,N20,VIIRS,n,2.0NRT,304.23,8.12,D
8.52678,80.89388,333.03,0.41,0.37,2026-09-01,807,N20,VIIRS,n,2.0NRT,299.26,1.85,D
8.52765,80.58673,339.2,0.4,0.37,2026-09-01,807,N20,VIIRS,n,2.0NRT,306.89,16.67,D
8.5281,80.85604,335.85,0.41,0.37,2026-09-01,807,N20,VIIRS,l,2.0NRT,306.51,5.17,D
8.53385,80.5821,337.32,0.4,0.37,2026-09-01,807,N20,VIIRS,n,2.0NRT,304.62,3.94,D
8.53715,80.51145,336.31,0.4,0.37,2026-09-01,807,N20,VIIRS,n,2.0NRT,305.02,4.28,D
8.53768,80.51505,339.58,0.4,0.37,2026-09-01,807,N20,VIIRS,n,2.0NRT,305.81,7.23,D
8.54302,80.71444,337.21,0.4,0.37,2026-09-01,807,N20,VIIRS,n,2.0NRT,300.45,2.65,D
8.54886,80.68374,340.39,0.4,0.37,2026-09-01,807,N20,VIIRS,n,2.0NRT,305.95,5.04,D
8.55331,80.69052,336.36,0.4,0.37,2026-09-01,807,N20,VIIRS,l,2.0NRT,306.71,2.76,D
8.55636,80.85937,348.82,0.41,0.37,2026-09-01,807,N20,VIIRS,n,2.0NRT,309.36,9.05,D
8.55724,80.85863,342.73,0.41,0.37,2026-09-01,807,N20,VIIRS,n,2.0NRT,308.82,6.63,D
8.55732,80.50842,340.06,0.4,0.37,2026-09-01,807,N20,VIIRS,n,2.0NRT,307.71,9.25,D
8.55854,80.74949,337.21,0.4,0.37,2026-09-01,807,N20,VIIRS,n,2.0NRT,305.07,3.14,D
8.56056,80.7867,337.47,0.41,0.37,2026-09-01,807,N20,VIIRS,n,2.0NRT,306.61,4.67,D
8.56359,80.66665,340.52,0.4,0.37,2026-09-01,807,N20,VIIRS,n,2.0NRT,303.1,3.58,D
8.56471,80.48888,345.44,0.4,0.37,2026-09-01,807,N20,VIIRS,n,2.0NRT,305.21,6.7,D
8.56884,80.72552,336.31,0.4,0.37,2026-09-01,807,N20,VIIRS,n,2.0NRT,305.58,4.97,D
8.56938,80.72919,337.86,0.4,0.37,2026-09-01,807,N20,VIIRS,n,2.0NRT,303.44,4.97,D
8.57086,80.76264,347.81,0.41,0.37,2026-09-01,807,N20,VIIRS,n,2.0NRT,309.48,8.29,D
8.5714,80.7663,336.88,0.41,0.37,2026-09-01,807,N20,VIIRS,n,2.0NRT,305.52,8.29,D
8.57197,80.58377,338.4,0.4,0.37,2026-09-01,807,N20,VIIRS,n,2.0NRT,305.33,4.9,D
8.57251,80.58739,351.23,0.4,0.37,2026-09-01,807,N20,VIIRS,n,2.0NRT,306.82,4.9,D
8.57588,80.58688,346.83,0.4,0.37,2026-09-01,807,N20,VIIRS,n,2.0NRT,307.29,4.9,D
8.58736,80.6408,343.59,0.4,0.37,2026-09-01,807,N20,VIIRS,n,2.0NRT,305.4,3.05,D
8.59665,80.98523,332.8,0.41,0.37,2026-09-01,807,N20,VIIRS,l,2.0NRT,305.63,2.99,D
8.60546,80.50855,334.31,0.4,0.37,2026-09-01,807,N20,VIIRS,n,2.0NRT,300.57,3.04,D
8.60798,80.99117,335.7,0.41,0.37,2026-09-01,807,N20,VIIRS,l,2.0NRT,306.98,4.51,D
8.60819,80.85102,347.73,0.41,0.37,2026-09-01,807,N20,VIIRS,n,2.0NRT,307.17,6.77,D
8.60903,80.90376,341.37,0.41,0.37,2026-09-01,807,N20,VIIRS,n,2.0NRT,309.84,5.32,D
8.61468,81.01301,333.4,0.41,0.37,2026-09-01,807,N20,VIIRS,l,2.0NRT,306.02,5.49,D
8.61599,80.64768,338.63,0.4,0.37,2026-09-01,807,N20,VIIRS,n,2.0NRT,304.88,6.81,D
8.61914,80.80795,354.82,0.41,0.37,2026-09-01,807,N20,VIIRS,n,2.0NRT,308.42,18.64,D
8.62285,80.97375,336.77,0.41,0.37,2026-09-01,807,N20,VIIRS,n,2.0NRT,306.74,7.33,D
8.62447,80.63522,335.17,0.4,0.37,2026-09-01,807,N20,VIIRS,n,2.0NRT,302.37,3.56,D
8.62611,80.64617,332.06,0.4,0.37,2026-09-01,807,N20,VIIRS,l,2.0NRT,305.21,4.73,D
8.6272,80.65345,341.32,0.4,0.37,2026-09-01,807,N20,VIIRS,n,2.0NRT,306.85,5.44,D
8.63396,80.90764,348.39,0.41,0.37,2026-09-01,807,N20,VIIRS,n,2.0NRT,309.58,15.72,D
8.63507,81.15186,340.72,0.42,0.37,2026-09-01,807,N20,VIIRS,n,2.0NRT,305.38,7.26,D
8.63531,80.73058,342.73,0.4,0.37,2026-09-01,807,N20,VIIRS,n,2.0NRT,306.81,11.61,D
8.63976,80.65855,335.24,0.4,0.37,2026-09-01,807,N20,VIIRS,n,2.0NRT,302.2,2.2,D
8.6506,80.99627,333.05,0.41,0.37,2026-09-01,807,N20,VIIRS,l,2.0NRT,305.24,5.41,D
8.65189,80.81818,347.69,0.41,0.37,2026-09-01,807,N20,VIIRS,n,2.0NRT,308.94,8.19,D
8.65634,80.70087,337.48,0.4,0.37,2026-09-01,807,N20,VIIRS,n,2.0NRT,302.35,4.07,D
8.65842,80.88509,338.62,0.41,0.37,2026-09-01,807,N20,VIIRS,n,2.0NRT,306.41,7.67,D
8.6634,80.65504,331.92,0.4,0.37,2026-09-01,807,N20,VIIRS,l,2.0NRT,304.05,2.94,D
8.66396,80.82355,339.11,0.41,0.37,2026-09-01,807,N20,VIIRS,n,2.0NRT,305.99,1.81,D
8.66678,80.65455,333.71,0.4,0.37,2026-09-01,807,N20,VIIRS,l,2.0NRT,306.1,2.94,D
8.66689,80.7255,339.66,0.4,0.37,2026-09-01,807,N20,VIIRS,n,2.0NRT,306.81,6.36,D
8.66732,80.65819,337.42,0.4,0.37,2026-09-01,807,N20,VIIRS,n,2.0NRT,305.72,5.68,D
8.67137,80.89798,345.82,0.41,0.37,2026-09-01,807,N20,VIIRS,n,2.0NRT,305.69,6.26,D
8.67478,80.89748,343.88,0.41,0.37,2026-09-01,807,N20,VIIRS,n,2.0NRT,307.36,6.26,D
8.67517,80.3873,343.64,0.4,0.37,2026-09-01,807,N20,VIIRS,n,2.0NRT,297.56,3.67,D
8.67686,80.84047,337.36,0.41,0.37,2026-09-01,807,N20,VIIRS,n,2.0NRT,306.35,6.18,D
8.67701,80.81786,339.55,0.41,0.37,2026-09-01,807,N20,VIIRS,n,2.0NRT,307.17,7.59,D
8.68282,80.88114,345.29,0.41,0.37,2026-09-01,807,N20,VIIRS,n,2.0NRT,305.41,4.82,D
8.70296,81.0188,345.32,0.41,0.37,2026-09-01,807,N20,VIIRS,n,2.0NRT,303.15,9.54,D
8.70351,81.02254,339.27,0.41,0.37,2026-09-01,807,N20,VIIRS,n,2.0NRT,305.47,10.21,D
8.73148,80.40436,336.04,0.4,0.37,2026-09-01,807,N20,VIIRS,n,2.0NRT,303.78,6.84,D
8.74022,80.18744,342.44,0.39,0.36,2026-09-01,807,N20,VIIRS,n,2.0NRT,305.13,7.03,D
8.74081,80.71076,333.79,0.4,0.37,2026-09-01,807,N20,VIIRS,n,2.0NRT,299.36,2.58,D
8.74355,80.18694,331.5,0.39,0.36,2026-09-01,807,N20,VIIRS,l,2.0NRT,302.81,3.66,D
8.78731,80.87704,338.04,0.41,0.37,2026-09-01,807,N20,VIIRS,n,2.0NRT,304.74,4.18,D
8.8137,80.82015,339.12,0.41,0.37,2026-09-01,807,N20,VIIRS,n,2.0NRT,306.61,2.83,D
8.84481,80.46053,343.37,0.4,0.37,2026-09-01,807,N20,VIIRS,n,2.0NRT,307.36,9.13,D
8.87422,80.58953,331.63,0.4,0.37,2026-09-01,807,N20,VIIRS,l,2.0NRT,304.54,4.26,D
8.87737,80.44827,334.96,0.4,0.37,2026-09-01,807,N20,VIIRS,n,2.0NRT,301.86,4.35,D
8.89203,80.43133,339.06,0.4,0.37,2026-09-01,807,N20,VIIRS,n,2.0NRT,305.92,6.34,D
8.89432,80.42362,345.24,0.4,0.37,2026-09-01,807,N20,VIIRS,n,2.0NRT,306.22,18.82,D
8.89543,80.70979,350.54,0.41,0.37,2026-09-01,807,N20,VIIRS,n,2.0NRT,311.29,12.28,D
8.90149,80.91673,339.32,0.41,0.37,2026-09-01,807,N20,VIIRS,n,2.0NRT,299.95,3.86,D
8.9477,80.75841,335.01,0.41,0.37,2026-09-01,807,N20,VIIRS,l,2.0NRT,305.61,3.49,D
8.96467,80.75588,333.45,0.41,0.37,2026-09-01,807,N20,VIIRS,l,2.0NRT,304.86,5.39,D
9.02534,80.1679,341.66,0.39,0.37,2026-09-01,807,N20,VIIRS,n,2.0NRT,305.55,4.67,D
9.05223,80.14198,335.7,0.39,0.36,2026-09-01,807,N20,VIIRS,n,2.0NRT,305.56,3.51,D
9.05294,80.28446,334.44,0.4,0.37,2026-09-01,807,N20,VIIRS,l,2.0NRT,308.78,4.57,D
9.06238,80.53422,343.91,0.4,0.37,2026-09-01,807,N20,VIIRS,n,2.0NRT,306.38,8.27,D
9.06342,80.6434,336.9,0.4,0.37,2026-09-01,807,N20,VIIRS,n,2.0NRT,306.03,6.95,D
9.0851,79.74976,338.52,0.39,0.36,2026-09-01,807,N20,VIIRS,n,2.0NRT,305.02,5.33,D
9.09813,80.28868,333.47,0.4,0.37,2026-09-01,807,N20,VIIRS,l,2.0NRT,308.16,1.91,D
9.11328,80.27539,338.28,0.4,0.37,2026-09-01,807,N20,VIIRS,l,2.0NRT,308.53,2.38,D
9.11382,80.27898,334.75,0.4,0.37,2026-09-01,807,N20,VIIRS,l,2.0NRT,307.21,1.78,D
9.15841,80.5534,332.67,0.4,0.37,2026-09-01,807,N20,VIIRS,l,2.0NRT,305.49,2.95,D
9.208,78.37176,338.92,0.39,0.36,2026-09-01,807,N20,VIIRS,n,2.0NRT,308.25,6.24,D
9.23818,80.27795,338.23,0.4,0.37,2026-09-01,807,N20,VIIRS,l,2.0NRT,308.77,6.16,D
9.25496,80.27543,337.77,0.4,0.37,2026-09-01,807,N20,VIIRS,l,2.0NRT,308.37,6.41,D
9.37964,80.50117,330.76,0.4,0.37,2026-09-01,807,N20,VIIRS,l,2.0NRT,304.42,1.09,D
9.38624,80.52262,332.76,0.4,0.37,2026-09-01,807,N20,VIIRS,l,2.0NRT,304.4,1.86,D
9.3874,80.43667,334.17,0.4,0.37,2026-09-01,807,N20,VIIRS,l,2.0NRT,306.26,2.22,D
9.39077,80.43616,347.24,0.4,0.37,2026-09-01,807,N20,VIIRS,n,2.0NRT,307.8,4.75,D
9.39131,80.4398,344.68,0.4,0.37,2026-09-01,807,N20,VIIRS,n,2.0NRT,306.92,4.75,D
9.39415,80.43565,344.17,0.4,0.37,2026-09-01,807,N20,VIIRS,n,2.0NRT,308.14,4.75,D
9.39468,80.43929,339.79,0.4,0.37,2026-09-01,807,N20,VIIRS,n,2.0NRT,306.75,4.75,D
9.40118,80.39004,336.08,0.4,0.37,2026-09-01,807,N20,VIIRS,n,2.0NRT,305.16,1.44,D
9.41088,80.36264,340.99,0.4,0.37,2026-09-01,807,N20,VIIRS,n,2.0NRT,305.85,3.29,D
9.41344,80.40305,334.15,0.4,0.37,2026-09-01,807,N20,VIIRS,l,2.0NRT,307.35,2.25,D
9.41465,80.48103,336,0.4,0.37,2026-09-01,807,N20,VIIRS,l,2.0NRT,307.55,2,D
9.41573,80.39528,341.46,0.4,0.37,2026-09-01,807,N20,VIIRS,n,2.0NRT,308.04,9.16,D
9.41681,80.40254,337.45,0.4,0.37,2026-09-01,807,N20,VIIRS,l,2.0NRT,307.74,2.25,D
9.42126,80.40929,335.5,0.4,0.37,2026-09-01,807,N20,VIIRS,l,2.0NRT,305.83,3.37,D
9.42463,80.4088,333.85,0.4,0.37,2026-09-01,807,N20,VIIRS,l,2.0NRT,306.2,3.37,D
9.42517,80.41243,348.9,0.4,0.37,2026-09-01,807,N20,VIIRS,n,2.0NRT,308.83,3.37,D
9.42571,80.41607,337.49,0.4,0.37,2026-09-01,807,N20,VIIRS,n,2.0NRT,307.46,2.53,D
9.42813,80.38601,337.1,0.4,0.37,2026-09-01,807,N20,VIIRS,n,2.0NRT,305.5,1.83,D
9.42921,80.39326,338.85,0.4,0.37,2026-09-01,807,N20,VIIRS,n,2.0NRT,306.82,3.02,D
9.43595,80.39226,335.72,0.4,0.37,2026-09-01,807,N20,VIIRS,l,2.0NRT,306.94,1.61,D
9.43649,80.39588,332.58,0.4,0.37,2026-09-01,807,N20,VIIRS,l,2.0NRT,305.37,1.61,D
9.44342,80.46554,339.83,0.4,0.37,2026-09-01,807,N20,VIIRS,n,2.0NRT,308.91,3.41,D
9.53295,80.38469,351.36,0.4,0.37,2026-09-01,807,N20,VIIRS,n,2.0NRT,310.41,30.17,D
9.60998,79.98971,350.49,0.39,0.36,2026-09-01,807,N20,VIIRS,n,2.0NRT,306.89,8.36,D
9.64103,80.21964,330.9,0.4,0.37,2026-09-01,807,N20,VIIRS,l,2.0NRT,303.44,1.97,D
9.64446,80.31156,336.76,0.4,0.37,2026-09-01,807,N20,VIIRS,n,2.0NRT,305.65,6.58,D
9.73185,78.95364,339.67,0.38,0.36,2026-09-01,807,N20,VIIRS,n,2.0NRT,309.4,7.88,D
9.792,80.23696,345.76,0.4,0.37,2026-09-01,807,N20,VIIRS,n,2.0NRT,305.76,5.6,D
10.04949,77.92572,342.23,0.39,0.36,2026-09-01,809,N20,VIIRS,l,2.0NRT,310.22,24.12,D
10.16487,79.23363,332.5,0.39,0.36,2026-09-01,809,N20,VIIRS,l,2.0NRT,303.93,4.19,D
10.53186,79.39458,336.41,0.39,0.36,2026-09-01,809,N20,VIIRS,l,2.0NRT,308.6,4.3,D
10.67378,79.27847,337.66,0.39,0.36,2026-09-01,809,N20,VIIRS,n,2.0NRT,307.5,3.46,D
10.85916,79.8132,333.86,0.4,0.37,2026-09-01,809,N20,VIIRS,n,2.0NRT,303.25,1.98,D
10.86964,79.29421,338.56,0.39,0.36,2026-09-01,809,N20,VIIRS,l,2.0NRT,309.91,3.41,D
10.88104,79.32494,339.46,0.39,0.36,2026-09-01,809,N20,VIIRS,l,2.0NRT,310.8,2.56,D
10.89396,79.54767,331.55,0.39,0.36,2026-09-01,809,N20,VIIRS,l,2.0NRT,304.62,2.42,D
10.94656,79.55784,330.16,0.39,0.36,2026-09-01,809,N20,VIIRS,l,2.0NRT,302.62,3.76,D
10.96822,79.74831,330.42,0.39,0.37,2026-09-01,809,N20,VIIRS,l,2.0NRT,302.13,3.13,D
11.00979,79.4135,341.18,0.39,0.36,2026-09-01,809,N20,VIIRS,n,2.0NRT,308.25,3.37,D
11.01856,79.83994,338.87,0.4,0.37,2026-09-01,809,N20,VIIRS,n,2.0NRT,305.96,3.22,D
11.06238,79.42599,342.69,0.39,0.36,2026-09-01,809,N20,VIIRS,n,2.0NRT,308.14,3.87,D
11.14982,78.03407,340.69,0.39,0.36,2026-09-01,809,N20,VIIRS,n,2.0NRT,308.1,6.75,D
11.19052,79.69118,331.18,0.39,0.37,2026-09-01,809,N20,VIIRS,l,2.0NRT,301.92,2.07,D
11.33965,79.0102,340.85,0.39,0.36,2026-09-01,809,N20,VIIRS,n,2.0NRT,309.77,8.93,D
11.47595,79.2412,333.51,0.39,0.36,2026-09-01,809,N20,VIIRS,l,2.0NRT,304.48,3.37,D
11.69631,79.12608,349.14,0.39,0.36,2026-09-01,809,N20,VIIRS,n,2.0NRT,310.78,13.01,D
11.83702,75.93494,331.71,0.43,0.38,2026-09-01,809,N20,VIIRS,n,2.0NRT,292.59,2.87,D
11.84283,78.90457,340.49,0.39,0.36,2026-09-01,809,N20,VIIRS,l,2.0NRT,311.25,8.25,D
11.99543,79.53955,338.87,0.4,0.37,2026-09-01,809,N20,VIIRS,n,2.0NRT,307.58,9.74,D
12.05794,79.8463,335.54,0.4,0.37,2026-09-01,809,N20,VIIRS,n,2.0NRT,302.75,2.41,D
12.06666,79.58771,338.45,0.4,0.37,2026-09-01,809,N20,VIIRS,n,2.0NRT,305.63,2.7,D
12.09079,79.56552,341.42,0.4,0.37,2026-09-01,809,N20,VIIRS,n,2.0NRT,308.34,10.37,D
12.13971,77.07882,345.6,0.4,0.37,2026-09-01,809,N20,VIIRS,l,2.0NRT,298.79,12.97,D
12.15436,75.98641,282.59,0.42,0.38,2026-09-01,809,N20,VIIRS,l,2.0NRT,294.41,179.92,D
12.15781,75.98586,351.45,0.42,0.38,2026-09-01,809,N20,VIIRS,n,2.0NRT,287.19,179.92,D
12.32043,79.67432,334.36,0.4,0.37,2026-09-01,809,N20,VIIRS,l,2.0NRT,304.79,3.47,D
12.32097,79.67798,336.31,0.4,0.37,2026-09-01,809,N20,VIIRS,n,2.0NRT,304.35,4.51,D
12.33323,78.84695,345.02,0.39,0.36,2026-09-01,809,N20,VIIRS,n,2.0NRT,310.36,6.94,D
12.33565,78.99867,348.36,0.39,0.36,2026-09-01,809,N20,VIIRS,n,2.0NRT,312.93,22.47,D
12.39398,75.85985,335.37,0.43,0.38,2026-09-01,809,N20,VIIRS,n,2.0NRT,290.63,11.18,D
12.41561,79.51421,334.56,0.4,0.37,2026-09-01,809,N20,VIIRS,n,2.0NRT,304.89,1.9,D
12.54359,76.83745,331.47,0.4,0.37,2026-09-01,809,N20,VIIRS,n,2.0NRT,296.4,3.7,D
12.55405,79.97852,336.83,0.41,0.37,2026-09-01,809,N20,VIIRS,n,2.0NRT,306.29,6.11,D
12.61144,77.64263,330.97,0.39,0.36,2026-09-01,809,N20,VIIRS,l,2.0NRT,301.86,2.62,D
12.63377,79.85988,341.37,0.41,0.37,2026-09-01,809,N20,VIIRS,n,2.0NRT,307,4.43,D
12.65339,79.39956,341.11,0.4,0.37,2026-09-01,809,N20,VIIRS,n,2.0NRT,308.72,4.69,D
12.69653,75.9088,340.08,0.42,0.38,2026-09-01,809,N20,VIIRS,l,2.0NRT,292.13,7.3,D
12.78816,76.8565,337.86,0.4,0.37,2026-09-01,809,N20,VIIRS,n,2.0NRT,296.43,9.55,D
12.82766,79.75002,338.87,0.4,0.37,2026-09-01,809,N20,VIIRS,n,2.0NRT,304.9,4.74,D
12.9165,79.43965,338.17,0.4,0.37,2026-09-01,809,N20,VIIRS,n,2.0NRT,304.79,6.57,D
12.98432,79.59767,333.27,0.4,0.37,2026-09-01,809,N20,VIIRS,n,2.0NRT,302.23,4.21,D
13.0373,79.91235,332.05,0.41,0.37,2026-09-01,809,N20,VIIRS,l,2.0NRT,303.39,2.44,D
13.05037,79.42616,339.02,0.4,0.37,2026-09-01,809,N20,VIIRS,n,2.0NRT,304.46,6.5,D
13.15914,79.90918,337.13,0.41,0.37,2026-09-01,809,N20,VIIRS,n,2.0NRT,297.14,4.29,D
13.15988,79.22352,338.59,0.39,0.37,2026-09-01,809,N20,VIIRS,n,2.0NRT,304.49,4.52,D
13.16089,79.89739,338.36,0.41,0.37,2026-09-01,809,N20,VIIRS,n,2.0NRT,300.66,6.29,D
13.2257,80.26954,335.92,0.42,0.38,2026-09-01,809,N20,VIIRS,n,2.0NRT,300.66,3.64,D
13.61584,78.73156,340.21,0.39,0.36,2026-09-01,809,N20,VIIRS,n,2.0NRT,303.16,5.53,D
13.77332,79.77724,332.02,0.41,0.37,2026-09-01,809,N20,VIIRS,n,2.0NRT,299.05,1.38,D
13.85828,79.33337,344.08,0.4,0.37,2026-09-01,809,N20,VIIRS,n,2.0NRT,300.18,5.53,D
14.06871,78.78734,334.46,0.39,0.36,2026-09-01,809,N20,VIIRS,n,2.0NRT,298.21,2.33,D
14.07877,80.00418,333.7,0.42,0.38,2026-09-01,809,N20,VIIRS,n,2.0NRT,299.9,2.4,D
14.19711,79.17576,336.17,0.4,0.37,2026-09-01,809,N20,VIIRS,n,2.0NRT,299.77,1.97,D
14.26449,79.09801,335.36,0.4,0.37,2026-09-01,809,N20,VIIRS,n,2.0NRT,298.67,1.7,D
14.26657,79.09671,336.51,0.4,0.37,2026-09-01,809,N20,VIIRS,n,2.0NRT,300,8.39,D
14.53993,79.6837,343.87,0.41,0.37,2026-09-01,809,N20,VIIRS,n,2.0NRT,301.86,5.01,D
14.71761,79.5095,339.25,0.41,0.37,2026-09-01,809,N20,VIIRS,n,2.0NRT,300.74,3.16,D
14.77542,78.97616,337.08,0.4,0.37,2026-09-01,809,N20,VIIRS,n,2.0NRT,299.76,3.41,D
14.81743,79.59486,337.92,0.41,0.37,2026-09-01,809,N20,VIIRS,n,2.0NRT,302.29,3.1,D
15.16986,80.03432,340.61,0.43,0.38,2026-09-01,809,N20,VIIRS,n,2.0NRT,302.93,7.16,D
15.17278,80.02982,350.37,0.43,0.38,2026-09-01,809,N20,VIIRS,n,2.0NRT,304.02,4.72,D
15.17334,80.03379,344.88,0.43,0.38,2026-09-01,809,N20,VIIRS,n,2.0NRT,300.34,4.72,D
15.17626,80.0293,339.89,0.43,0.38,2026-09-01,809,N20,VIIRS,n,2.0NRT,302.75,4.72,D
15.17682,80.03327,334.42,0.43,0.38,2026-09-01,809,N20,VIIRS,n,2.0NRT,299.6,4.72,D
15.17716,76.65712,340.96,0.39,0.36,2026-09-01,809,N20,VIIRS,n,2.0NRT,297.93,4.07,D
15.17819,77.3232,334.22,0.38,0.36,2026-09-01,809,N20,VIIRS,n,2.0NRT,299.81,2.35,D
15.30314,78.21335,332.79,0.39,0.36,2026-09-01,809,N20,VIIRS,n,2.0NRT,300.01,2.01,D
15.36116,76.70337,331.68,0.39,0.36,2026-09-01,809,N20,VIIRS,l,2.0NRT,298.57,5.18,D
15.64317,77.96676,333.94,0.39,0.36,2026-09-01,809,N20,VIIRS,n,2.0NRT,295.75,4.13,D
15.88524,79.81916,337.62,0.43,0.38,2026-09-01,809,N20,VIIRS,n,2.0NRT,302.11,5.52,D
15.88581,79.82314,340.5,0.43,0.38,2026-09-01,809,N20,VIIRS,n,2.0NRT,303.44,5.52,D
15.88765,79.82237,342.72,0.43,0.38,2026-09-01,809,N20,VIIRS,n,2.0NRT,304.43,10.4,D
15.90541,79.62249,342.05,0.42,0.38,2026-09-01,809,N20,VIIRS,n,2.0NRT,305.56,16.99,D
15.90596,79.6264,337.02,0.42,0.38,2026-09-01,809,N20,VIIRS,n,2.0NRT,302.4,16.99,D
15.91319,79.80233,347.16,0.43,0.38,2026-09-01,809,N20,VIIRS,n,2.0NRT,304.48,8.73,D
16.17905,80.00101,336.14,0.44,0.38,2026-09-01,809,N20,VIIRS,n,2.0NRT,298.23,4.45,D
16.19392,80.10727,338.44,0.44,0.38,2026-09-01,809,N20,VIIRS,n,2.0NRT,297.1,3.72,D
16.23223,80.54265,330.61,0.46,0.39,2026-09-01,809,N20,VIIRS,n,2.0NRT,294.34,2.07,D
16.33996,77.79362,330.08,0.39,0.36,2026-09-01,809,N20,VIIRS,n,2.0NRT,292.57,1.63,D
16.79762,80.1647,336.05,0.45,0.39,2026-09-01,809,N20,VIIRS,n,2.0NRT,295.72,3.51,D
17.64225,82.57277,341.11,0.41,0.45,2026-09-01,809,N20,VIIRS,n,2.0NRT,296.41,3.78,D
17.95593,80.79787,331.58,0.49,0.41,2026-09-01,809,N20,VIIRS,n,2.0NRT,293.05,5.56,D
17.99069,74.74986,333.18,0.42,0.38,2026-09-01,811,N20,VIIRS,n,2.0NRT,299.54,2.95,D
19.56675,71.35735,339.78,0.39,0.44,2026-09-01,811,N20,VIIRS,n,2.0NRT,288.85,6.62,D
27.44247,72.41804,340.62,0.41,0.37,2026-09-01,813,N20,VIIRS,n,2.0NRT,309.17,3.09,D
27.52065,68.33736,336.04,0.42,0.45,2026-09-01,813,N20,VIIRS,n,2.0NRT,303.58,5.64,D
27.52248,72.41055,367,0.41,0.37,2026-09-01,813,N20,VIIRS,h,2.0NRT,311.22,5.92,D
29.91186,72.50246,335.6,0.39,0.37,2026-09-01,813,N20,VIIRS,n,2.0NRT,299.35,2.61,D
30.66109,76.31641,334.5,0.43,0.38,2026-09-01,813,N20,VIIRS,n,2.0NRT,298.08,3.62,D
31.12613,74.62209,336.29,0.39,0.36,2026-09-01,813,N20,VIIRS,n,2.0NRT,298.91,8,D
31.13703,74.91448,330.19,0.4,0.37,2026-09-01,813,N20,VIIRS,l,2.0NRT,305.04,6.71,D
31.62152,73.99264,332.44,0.39,0.36,2026-09-01,816,N20,VIIRS,n,2.0NRT,297.98,1.96,D
32.28323,73.32689,340.06,0.38,0.36,2026-09-01,816,N20,VIIRS,n,2.0NRT,298.15,3.61,D
29.26356,91.92513,301.34,0.42,0.61,2026-09-01,1858,N20,VIIRS,n,2.0NRT,283.08,1.34,N
29.26387,91.92117,298.23,0.42,0.61,2026-09-01,1858,N20,VIIRS,n,2.0NRT,281.38,1.34,N
29.26718,91.92398,299.36,0.42,0.61,2026-09-01,1858,N20,VIIRS,n,2.0NRT,283.22,1.66,N
29.66238,90.90275,296.8,0.49,0.65,2026-09-01,1858,N20,VIIRS,n,2.0NRT,281.33,1.44,N
29.79168,91.60483,296.02,0.44,0.63,2026-09-01,1858,N20,VIIRS,n,2.0NRT,280.78,0.96,N
21.57817,96.23173,304,0.55,0.43,2026-09-01,1900,N20,VIIRS,n,2.0NRT,287.65,1.17,N
29.26415,91.92255,297.76,0.61,0.71,2026-09-01,2038,N20,VIIRS,n,2.0NRT,281.82,1.93,N
32.10223,74.17729,318.25,0.49,0.41,2026-09-01,2038,N20,VIIRS,n,2.0NRT,293.85,1.77,N
32.10409,74.17372,316.46,0.49,0.41,2026-09-01,2038,N20,VIIRS,n,2.0NRT,293.24,1.86,N
33.29781,71.1855,306.06,0.49,0.48,2026-09-01,2038,N20,VIIRS,n,2.0NRT,291.19,0.72,N
33.68767,72.71169,304.8,0.41,0.45,2026-09-01,2038,N20,VIIRS,n,2.0NRT,291.2,2.31,N
23.12223,70.08524,315.36,0.43,0.46,2026-09-01,2040,N20,VIIRS,n,2.0NRT,285.85,1.37,N
23.25649,70.26151,301.47,0.42,0.45,2026-09-01,2040,N20,VIIRS,n,2.0NRT,280.96,0.55,N
23.43207,68.71054,305.54,0.52,0.5,2026-09-01,2040,N20,VIIRS,n,2.0NRT,291.03,1.08,N
23.51416,72.41415,324.85,0.48,0.4,2026-09-01,2040,N20,VIIRS,n,2.0NRT,289.19,2.19,N
24.76563,74.60811,313.59,0.41,0.37,2026-09-01,2040,N20,VIIRS,n,2.0NRT,289.3,1.49,N
24.9335,74.63455,306.77,0.41,0.37,2026-09-01,2040,N20,VIIRS,n,2.0NRT,288.92,0.59,N
25.38734,68.57868,307.45,0.56,0.52,2026-09-01,2040,N20,VIIRS,n,2.0NRT,290.55,1.19,N
26.60596,73.68502,304.46,0.46,0.39,2026-09-01,2040,N20,VIIRS,n,2.0NRT,291.98,1.07,N
26.87395,73.51712,307.3,0.47,0.39,2026-09-01,2040,N20,VIIRS,n,2.0NRT,292.74,2.78,N
27.79342,75.33019,305.85,0.41,0.37,2026-09-01,2040,N20,VIIRS,n,2.0NRT,293.56,0.88,N
28.42459,69.69779,311.51,0.52,0.5,2026-09-01,2040,N20,VIIRS,n,2.0NRT,295.89,1.12,N
28.42467,69.70132,307.12,0.52,0.5,2026-09-01,2040,N20,VIIRS,n,2.0NRT,295.58,1.7,N
28.66423,77.57953,309.48,0.38,0.36,2026-09-01,2040,N20,VIIRS,n,2.0NRT,286.91,1.35,N
29.12574,75.77645,309.75,0.41,0.37,2026-09-01,2040,N20,VIIRS,n,2.0NRT,295.3,0.88,N
18.50696,74.2235,303.35,0.39,0.36,2026-09-01,2042,N20,VIIRS,n,2.0NRT,288.01,0.68,N
18.68157,73.03994,307.51,0.41,0.37,2026-09-01,2042,N20,VIIRS,n,2.0NRT,290.16,1.55,N
18.68214,73.03605,306.31,0.41,0.37,2026-09-01,2042,N20,VIIRS,n,2.0NRT,290.95,1.55,N
18.68271,73.03214,308.23,0.41,0.37,2026-09-01,2042,N20,VIIRS,n,2.0NRT,290.21,1.16,N
18.68613,73.0327,304.88,0.41,0.37,2026-09-01,2042,N20,VIIRS,n,2.0NRT,290.31,1.16,N
18.6867,73.02881,317.53,0.41,0.37,2026-09-01,2042,N20,VIIRS,n,2.0NRT,290.4,1.16,N
18.69181,73.0416,313.51,0.41,0.37,2026-09-01,2042,N20,VIIRS,n,2.0NRT,290.51,2.54,N
18.73721,74.40431,305.19,0.39,0.36,2026-09-01,2042,N20,VIIRS,n,2.0NRT,288.23,0.68,N
19.93619,73.71277,304.74,0.4,0.37,2026-09-01,2042,N20,VIIRS,n,2.0NRT,279.38,1,N
20.9094,71.45667,304.49,0.5,0.41,2026-09-01,2042,N20,VIIRS,n,2.0NRT,287.34,0.79,N
20.90987,71.45919,310.64,0.5,0.41,2026-09-01,2042,N20,VIIRS,n,2.0NRT,287.94,1.46,N
21.10184,72.63655,324.85,0.45,0.39,2026-09-01,2042,N20,VIIRS,n,2.0NRT,291.8,3.51,N
21.10419,72.64568,323.91,0.45,0.39,2026-09-01,2042,N20,VIIRS,n,2.0NRT,291.88,4.03,N
21.10774,72.64625,339.47,0.45,0.39,2026-09-01,2042,N20,VIIRS,n,2.0NRT,293.54,5.93,N
21.10893,72.63769,312.71,0.45,0.39,2026-09-01,2042,N20,VIIRS,n,2.0NRT,292.29,2.98,N
7.88926,81.19068,305.5,0.34,0.56,2026-09-01,2044,N20,VIIRS,n,2.0NRT,292.9,1.3,N
8.66958,77.99236,302.64,0.41,0.45,2026-09-01,2044,N20,VIIRS,n,2.0NRT,285.61,0.66,N
9.56806,77.53657,310.02,0.56,0.43,2026-09-01,2044,N20,VIIRS,n,2.0NRT,261.72,0.97,N
10.4508,77.30746,311.85,0.52,0.42,2026-09-01,2044,N20,VIIRS,n,2.0NRT,291.67,1.69,N
10.92422,78.5191,317.32,0.4,0.45,2026-09-01,2044,N20,VIIRS,n,2.0NRT,291.99,2.65,N
11.26949,80.00465,313.54,0.5,0.49,2026-09-01,2044,N20,VIIRS,n,2.0NRT,290.41,1.05,N
11.43157,77.16232,305.54,0.5,0.41,2026-09-01,2044,N20,VIIRS,n,2.0NRT,291.95,1.47,N
11.43284,77.16509,304.91,0.5,0.41,2026-09-01,2044,N20,VIIRS,n,2.0NRT,292.31,1.98,N
11.58907,77.26868,310.31,0.5,0.41,2026-09-01,2044,N20,VIIRS,n,2.0NRT,287.92,1.16,N
11.59199,77.27399,317.63,0.5,0.41,2026-09-01,2044,N20,VIIRS,n,2.0NRT,288.37,2.61,N
11.81575,77.91618,308.23,0.54,0.42,2026-09-01,2044,N20,VIIRS,n,2.0NRT,290.91,1.73,N
11.97294,78.38143,304.35,0.38,0.43,2026-09-01,2044,N20,VIIRS,n,2.0NRT,285.39,1.53,N
12.03402,79.0584,312.73,0.42,0.45,2026-09-01,2044,N20,VIIRS,n,2.0NRT,289.62,2.18,N
12.55545,76.66816,301.12,0.46,0.39,2026-09-01,2044,N20,VIIRS,n,2.0NRT,289.18,0.48,N
13.13984,80.18926,313.12,0.48,0.48,2026-09-01,2044,N20,VIIRS,n,2.0NRT,285.09,5.12,N
15.16355,76.37809,303.43,0.42,0.38,2026-09-01,2044,N20,VIIRS,n,2.0NRT,287.16,0.81,N
15.17021,76.37886,307.57,0.42,0.38,2026-09-01,2044,N20,VIIRS,n,2.0NRT,288.04,1.79,N
15.17364,76.69354,314.15,0.43,0.38,2026-09-01,2044,N20,VIIRS,n,2.0NRT,286.11,0.98,N
15.1762,76.65736,323.45,0.43,0.38,2026-09-01,2044,N20,VIIRS,n,2.0NRT,287.88,1.81,N
15.17631,76.67775,304.74,0.43,0.38,2026-09-01,2044,N20,VIIRS,n,2.0NRT,286.6,1.08,N
15.17686,76.65341,320.45,0.43,0.38,2026-09-01,2044,N20,VIIRS,n,2.0NRT,286.85,1.81,N
15.18032,76.65404,306.82,0.43,0.38,2026-09-01,2044,N20,VIIRS,n,2.0NRT,286.7,1.81,N
15.18044,76.67444,312.89,0.43,0.38,2026-09-01,2044,N20,VIIRS,n,2.0NRT,287.2,2.96,N
15.18178,76.66653,330.83,0.43,0.38,2026-09-01,2044,N20,VIIRS,n,2.0NRT,286.3,5.15,N
15.18232,76.6422,329.29,0.43,0.38,2026-09-01,2044,N20,VIIRS,n,2.0NRT,287.46,3.16,N
15.30218,76.2206,304.1,0.41,0.37,2026-09-01,2044,N20,VIIRS,n,2.0NRT,287.53,0.62,N
15.30256,76.21996,302.03,0.41,0.37,2026-09-01,2044,N20,VIIRS,n,2.0NRT,287.24,0.59,N
15.33378,76.28451,308.62,0.42,0.37,2026-09-01,2044,N20,VIIRS,n,2.0NRT,287.94,1.2,N
15.33782,76.2813,313.9,0.42,0.37,2026-09-01,2044,N20,VIIRS,n,2.0NRT,288.64,1.2,N
15.33847,76.27747,312.43,0.41,0.37,2026-09-01,2044,N20,VIIRS,n,2.0NRT,289.17,1.74,N
15.52438,73.99835,300.48,0.38,0.36,2026-09-01,2044,N20,VIIRS,n,2.0NRT,279.78,0.58,N
15.65856,73.98801,311.54,0.38,0.36,2026-09-01,2044,N20,VIIRS,n,2.0NRT,278.13,1.34,N